0_Avg-Duration_s,0_Min-Duration_s,0_Max-Duration_s,0_Median-Duration_s
0.000100203,9.9533e-05,0.000100874,0.000100203
9.9912e-05,9.9787e-05,0.000100036,9.9912e-05
9.978e-05,9.9266e-05,0.000100295,9.978e-05
9.9812e-05,9.9549e-05,0.000100076,9.9812e-05
9.9576e-05,9.9352e-05,9.9799e-05,9.9576e-05
9.9304e-05,9.8895e-05,9.9713e-05,9.9304e-05
9.9634e-05,9.9447e-05,9.982e-05,9.9634e-05
9.9609e-05,9.9178e-05,0.000100039,9.9609e-05
9.9491e-05,9.9471e-05,9.951e-05,9.9491e-05
0.000100208,0.000100099,0.000100317,0.000100208
9.9545e-05,9.9354e-05,9.9736e-05,9.9545e-05
0.00010046,0.000100161,0.00010076,0.00010046
9.9875e-05,9.9701e-05,0.000100049,9.9875e-05
9.9296e-05,9.8818e-05,9.9773e-05,9.9296e-05
9.9195e-05,9.8981e-05,9.941e-05,9.9195e-05
9.9966e-05,9.9683e-05,0.000100249,9.9966e-05
9.9655e-05,9.9565e-05,9.9745e-05,9.9655e-05
0.000100006,9.9129e-05,0.000100883,0.000100006
0.000100117,9.9874e-05,0.000100359,0.000100117
0.000100056,9.9022e-05,0.000101091,0.000100056
9.9631e-05,9.9257e-05,0.000100004,9.9631e-05
9.9596e-05,9.9517e-05,9.9675e-05,9.9596e-05
9.9216e-05,9.9213e-05,9.9219e-05,9.9216e-05
9.9731e-05,9.9568e-05,9.9894e-05,9.9731e-05
9.967e-05,9.9599e-05,9.9742e-05,9.967e-05
0.000100225,9.9917e-05,0.000100533,0.000100225
0.000100678,0.00010059,0.000100765,0.000100678
0.000100257,0.000100006,0.000100508,0.000100257
0.000100089,0.000100056,0.000100122,0.000100089
9.9377e-05,9.9056e-05,9.9699e-05,9.9377e-05
0.000100019,0.000100014,0.000100023,0.000100019
9.9676e-05,9.932e-05,0.000100033,9.9676e-05
9.9607e-05,9.9481e-05,9.9732e-05,9.9607e-05
0.000109195,0.000100079,0.000118311,0.000109195
0.000153896,0.000149212,0.00015858,0.000153896
0.000144197,0.000105679,0.000182715,0.000144197
0.00013196,0.000119745,0.000144176,0.00013196
9.93e-05,9.9118e-05,9.9483e-05,9.93e-05
9.953e-05,9.9498e-05,9.9561e-05,9.953e-05
0.000100169,9.9763e-05,0.000100575,0.000100169
9.9346e-05,9.9049e-05,9.9643e-05,9.9346e-05
9.9593e-05,9.9555e-05,9.9631e-05,9.9593e-05
0.00010051,9.9814e-05,0.000101206,0.00010051
9.9691e-05,9.9383e-05,9.9998e-05,9.9691e-05
0.000100255,9.97e-05,0.000100809,0.000100255
9.9621e-05,9.9438e-05,9.9805e-05,9.9621e-05
0.000115679,0.000106984,0.000124373,0.000115679
0.00010068,0.000100321,0.00010104,0.00010068
9.9937e-05,9.9876e-05,9.9998e-05,9.9937e-05
9.9581e-05,9.9409e-05,9.9752e-05,9.9581e-05
9.9371e-05,9.8839e-05,9.9903e-05,9.9371e-05
0.000100807,0.000100342,0.000101272,0.000100807
9.9779e-05,9.9777e-05,9.978e-05,9.9779e-05
9.998e-05,9.8921e-05,0.000101039,9.998e-05
0.000100474,0.000100266,0.000100682,0.000100474
0.000210409,0.000170008,0.000250811,0.000210409
9.9588e-05,9.9485e-05,9.9691e-05,9.9588e-05
9.9232e-05,9.8941e-05,9.9522e-05,9.9232e-05
9.9408e-05,9.8945e-05,9.9871e-05,9.9408e-05
0.000100361,0.000100209,0.000100513,0.000100361
0.00010046,0.000100166,0.000100753,0.00010046
9.9667e-05,9.9233e-05,0.000100101,9.9667e-05
9.9548e-05,9.9419e-05,9.9676e-05,9.9548e-05
9.9832e-05,9.9797e-05,9.9867e-05,9.9832e-05
9.9661e-05,9.956e-05,9.9761e-05,9.9661e-05
9.9661e-05,9.9158e-05,0.000100164,9.9661e-05
0.00439875,0.000101512,0.008695988,0.00439875
0.001062909,9.9333e-05,0.002026485,0.001062909
0.000100663,9.9884e-05,0.000101442,0.000100663
9.9943e-05,9.9844e-05,0.000100043,9.9943e-05
0.000100566,0.000100403,0.000100729,0.000100566
0.000100133,9.9911e-05,0.000100355,0.000100133
9.9596e-05,9.9367e-05,9.9825e-05,9.9596e-05
0.000100004,9.9958e-05,0.000100049,0.000100004
9.9653e-05,9.9008e-05,0.000100299,9.9653e-05
0.000100169,9.9638e-05,0.0001007,0.000100169
9.9833e-05,9.9757e-05,9.9908e-05,9.9833e-05
9.9613e-05,9.9295e-05,9.9932e-05,9.9613e-05
9.9903e-05,9.9475e-05,0.000100331,9.9903e-05
9.9812e-05,9.9518e-05,0.000100105,9.9812e-05
9.9854e-05,9.9647e-05,0.00010006,9.9854e-05
9.9783e-05,9.9332e-05,0.000100235,9.9783e-05
0.00013037,9.9794e-05,0.000160946,0.00013037
0.000100658,0.000100005,0.00010131,0.000100658
0.000100026,9.9446e-05,0.000100607,0.000100026
9.9283e-05,9.9056e-05,9.951e-05,9.9283e-05
0.000100454,0.000100205,0.000100703,0.000100454
0.00010066,0.000100382,0.000100939,0.00010066
9.9439e-05,9.926e-05,9.9619e-05,9.9439e-05
0.000100411,9.9262e-05,0.000101561,0.000100411
9.9801e-05,9.9527e-05,0.000100076,9.9801e-05
0.000100609,0.000100214,0.000101005,0.000100609
0.000100406,9.9696e-05,0.000101115,0.000100406
9.9826e-05,9.9797e-05,9.9856e-05,9.9826e-05
9.9517e-05,9.912e-05,9.9913e-05,9.9517e-05
0.000100221,0.000100125,0.000100316,0.000100221
9.9732e-05,9.9615e-05,9.985e-05,9.9732e-05
0.000100411,9.9752e-05,0.000101071,0.000100411
9.9873e-05,9.9701e-05,0.000100045,9.9873e-05
0.000100247,9.9949e-05,0.000100545,0.000100247
0.000102562,0.000102273,0.000102852,0.000102562
0.000103441,0.000103152,0.000103731,0.000103441
0.00010579,0.000105288,0.000106292,0.00010579
0.000107917,0.000107321,0.000108513,0.000107917
0.000105046,0.000104602,0.000105491,0.000105046
0.000107018,0.000106315,0.000107722,0.000107018
0.000107565,0.000105884,0.000109246,0.000107565
0.000104723,0.000102931,0.000106516,0.000104723
0.000103501,0.000102594,0.000104408,0.000103501
0.000102142,0.000101467,0.000102817,0.000102142
0.000107817,0.000104095,0.000111539,0.000107817
0.000103648,0.000103214,0.000104081,0.000103648
0.000108625,0.000107852,0.000109398,0.000108625
0.000124416,0.000109863,0.000138968,0.000124416
0.000133635,0.000119976,0.000147294,0.000133635
0.000134623,0.00011763,0.000151615,0.000134623
0.000165482,0.000162176,0.000168787,0.000165482
0.000112361,0.000112143,0.000112579,0.000112361
0.000124278,0.000121946,0.00012661,0.000124278
0.00011269,0.000109111,0.000116268,0.00011269
0.000104805,0.000103753,0.000105856,0.000104805
0.000111099,0.000106744,0.000115453,0.000111099
0.000111813,0.000109293,0.000114333,0.000111813
0.000131276,0.000115351,0.000147201,0.000131276
0.000107946,0.000107707,0.000108186,0.000107946
0.000112977,0.000111209,0.000114745,0.000112977
0.000123856,0.000119877,0.000127834,0.000123856
0.000130128,0.000129859,0.000130396,0.000130128
0.000249725,0.000129777,0.000369673,0.000249725
0.004143711,0.003368571,0.004918852,0.004143711
0.000352753,0.000321768,0.000383738,0.000352753
0.000196787,0.000169579,0.000223994,0.000196787
0.000201848,0.000142198,0.000261498,0.000201848
0.000110948,0.000102966,0.000118931,0.000110948
0.001983551,0.001584038,0.002383064,0.001983551
0.000485361,0.000332893,0.000637828,0.000485361
0.000370432,0.000339678,0.000401186,0.000370432
0.000566865,0.000540791,0.000592939,0.000566865
0.000455028,0.000442418,0.000467638,0.000455028
0.000848183,0.000645233,0.001051133,0.000848183
0.000760111,0.000691649,0.000828572,0.000760111
0.000469695,0.000251871,0.00068752,0.000469695
0.000454663,0.000392894,0.000516432,0.000454663
0.000497021,0.000364898,0.000629143,0.000497021
0.000409123,0.000266466,0.000551779,0.000409123
0.00039734,0.000311283,0.000483396,0.00039734
0.000472582,0.000467942,0.000477223,0.000472582
0.000388824,0.00030836,0.000469287,0.000388824
0.00040573,0.000284201,0.000527259,0.00040573
0.000457308,0.000447196,0.000467421,0.000457308
0.000427615,0.000384899,0.000470332,0.000427615
0.000754568,0.000723415,0.00078572,0.000754568
0.000621187,0.000548901,0.000693474,0.000621187
0.000499036,0.00048233,0.000515742,0.000499036
0.000489601,0.000409029,0.000570173,0.000489601
0.000639785,0.000635331,0.000644239,0.000639785
0.000537087,0.00049747,0.000576704,0.000537087
0.000396104,0.000344303,0.000447904,0.000396104
0.000501889,0.000448826,0.000554953,0.000501889
0.000355801,0.000318009,0.000393593,0.000355801
0.000279299,0.000231212,0.000327386,0.000279299
0.000421695,0.000356589,0.000486801,0.000421695
0.000389149,0.000324827,0.000453471,0.000389149
0.000586256,0.000245737,0.000926775,0.000586256
0.001226172,0.001118722,0.001333623,0.001226172
0.000269161,0.000223413,0.000314908,0.000269161
0.000341153,0.000307287,0.000375019,0.000341153
0.00042023,0.000390091,0.000450368,0.00042023
0.000473279,0.000362083,0.000584475,0.000473279
0.000264582,0.000264025,0.00026514,0.000264582
0.000244891,0.000230896,0.000258886,0.000244891
0.000223527,0.000214484,0.000232569,0.000223527
0.000248848,0.000240206,0.00025749,0.000248848
0.000219914,0.00021146,0.000228368,0.000219914
0.000216377,0.000216204,0.00021655,0.000216377
0.00022107,0.000220056,0.000222084,0.00022107
0.000206269,0.000194715,0.000217822,0.000206269
0.000215385,0.000210735,0.000220035,0.000215385
0.000171726,0.000158592,0.000184859,0.000171726
0.000203567,0.000174229,0.000232905,0.000203567
0.000199459,0.000198907,0.000200011,0.000199459
0.000186221,0.000177306,0.000195136,0.000186221
0.000195506,0.000183171,0.000207841,0.000195506
0.000214275,0.000174625,0.000253924,0.000214275
0.000157027,0.000150613,0.00016344,0.000157027
0.000223724,0.000181878,0.00026557,0.000223724
0.000160182,0.000142611,0.000177753,0.000160182
0.000196641,0.00018332,0.000209962,0.000196641
0.000150403,0.000139884,0.000160923,0.000150403
0.000197216,0.000165597,0.000228835,0.000197216
0.000211672,0.000196349,0.000226996,0.000211672
0.000199578,0.000198102,0.000201054,0.000199578
0.000213925,0.000177197,0.000250653,0.000213925
0.000160067,0.000149931,0.000170203,0.000160067
0.000149377,0.000137438,0.000161317,0.000149377
0.000217026,0.000179691,0.000254361,0.000217026
0.000180567,0.000154524,0.00020661,0.000180567
0.000206593,0.000181895,0.000231292,0.000206593
0.000225665,0.000185845,0.000265485,0.000225665
0.000262239,0.00024737,0.000277109,0.000262239
0.000100443,9.96e-05,0.000101287,0.000100443
9.9929e-05,9.9805e-05,0.000100054,9.9929e-05
9.9297e-05,9.9095e-05,9.9499e-05,9.9297e-05
9.9365e-05,9.9048e-05,9.9683e-05,9.9365e-05
9.956e-05,9.9486e-05,9.9634e-05,9.956e-05
0.000100065,9.9991e-05,0.000100138,0.000100065
0.000100018,9.9749e-05,0.000100287,0.000100018
0.000100106,9.9466e-05,0.000100746,0.000100106
9.9679e-05,9.9225e-05,0.000100132,9.9679e-05
9.9616e-05,9.9305e-05,9.9927e-05,9.9616e-05
0.000100279,0.000100168,0.000100389,0.000100279
0.00010023,9.9362e-05,0.000101098,0.00010023
9.9713e-05,9.9304e-05,0.000100122,9.9713e-05
0.000100256,0.000100161,0.000100352,0.000100256
9.9334e-05,9.9127e-05,9.9542e-05,9.9334e-05
9.9663e-05,9.9164e-05,0.000100163,9.9663e-05
9.9444e-05,9.9413e-05,9.9475e-05,9.9444e-05
0.000100374,0.000100315,0.000100432,0.000100374
9.9746e-05,9.9473e-05,0.000100019,9.9746e-05
0.000115112,9.9673e-05,0.00013055,0.000115112
9.9779e-05,9.9471e-05,0.000100087,9.9779e-05
9.9479e-05,9.8971e-05,9.9987e-05,9.9479e-05
0.000100149,9.9761e-05,0.000100536,0.000100149
0.000100392,0.000100371,0.000100412,0.000100392
9.9521e-05,9.9034e-05,0.000100008,9.9521e-05
0.000100249,9.9807e-05,0.000100691,0.000100249
9.9579e-05,9.9311e-05,9.9848e-05,9.9579e-05
0.000100504,9.9978e-05,0.000101029,0.000100504
0.000100384,0.000100068,0.000100699,0.000100384
9.9657e-05,9.956e-05,9.9755e-05,9.9657e-05
9.9758e-05,9.9729e-05,9.9786e-05,9.9758e-05
9.9748e-05,9.9694e-05,9.9802e-05,9.9748e-05
9.9364e-05,9.8598e-05,0.000100129,9.9364e-05
9.9506e-05,9.9377e-05,9.9635e-05,9.9506e-05
9.9741e-05,9.8797e-05,0.000100685,9.9741e-05
9.9771e-05,9.9626e-05,9.9916e-05,9.9771e-05
0.000100745,0.000100249,0.00010124,0.000100745
0.00010075,0.000100455,0.000101045,0.00010075
0.000100122,9.9951e-05,0.000100294,0.000100122
0.000100295,0.000100246,0.000100344,0.000100295
9.9823e-05,9.9447e-05,0.000100199,9.9823e-05
9.9652e-05,9.9476e-05,9.9828e-05,9.9652e-05
9.9607e-05,9.9563e-05,9.9651e-05,9.9607e-05
9.9308e-05,9.9095e-05,9.9522e-05,9.9308e-05
9.9703e-05,9.9467e-05,9.9939e-05,9.9703e-05
0.00010035,9.9702e-05,0.000100997,0.00010035
0.000100465,9.9734e-05,0.000101196,0.000100465
0.00010006,9.9996e-05,0.000100123,0.00010006
9.9259e-05,9.917e-05,9.9347e-05,9.9259e-05
0.000100354,9.996e-05,0.000100748,0.000100354
9.9647e-05,9.949e-05,9.9804e-05,9.9647e-05
9.9655e-05,9.9571e-05,9.9739e-05,9.9655e-05
9.9559e-05,9.9308e-05,9.9809e-05,9.9559e-05
0.000100384,9.994e-05,0.000100828,0.000100384
9.9641e-05,9.9187e-05,0.000100095,9.9641e-05
9.997e-05,9.9893e-05,0.000100047,9.997e-05
0.000100246,9.982e-05,0.000100672,0.000100246
9.9978e-05,9.9786e-05,0.00010017,9.9978e-05
9.9964e-05,9.9752e-05,0.000100176,9.9964e-05
9.9747e-05,9.9173e-05,0.000100321,9.9747e-05
0.000100703,0.00010007,0.000101335,0.000100703
0.000100414,0.000100264,0.000100563,0.000100414
9.9925e-05,9.9493e-05,0.000100358,9.9925e-05
9.9892e-05,9.9795e-05,9.9989e-05,9.9892e-05
0.000100488,0.000100487,0.000100489,0.000100488
0.000100707,0.000100287,0.000101128,0.000100707
0.000101332,9.9676e-05,0.000102988,0.000101332
0.00010017,9.9737e-05,0.000100603,0.00010017
0.000100583,0.000100481,0.000100686,0.000100583
0.00010085,0.000100008,0.000101692,0.00010085
0.000101026,0.000100985,0.000101067,0.000101026
0.000101008,0.000100796,0.00010122,0.000101008
0.000100691,0.000100066,0.000101317,0.000100691
0.000101123,0.000100663,0.000101584,0.000101123
0.000101272,0.000100765,0.000101778,0.000101272
0.000100256,0.000100242,0.00010027,0.000100256
0.000100589,0.000100226,0.000100953,0.000100589
0.00010106,0.000100878,0.000101242,0.00010106
0.000102074,0.000101553,0.000102596,0.000102074
0.000102007,0.000101374,0.00010264,0.000102007
0.000380837,0.000292787,0.000468888,0.000380837
0.000736505,0.000544212,0.000928799,0.000736505
0.000238183,0.00011217,0.000364197,0.000238183
0.000109825,0.000103652,0.000115998,0.000109825
0.000101217,0.0001007,0.000101734,0.000101217
0.00010217,0.000101816,0.000102525,0.00010217
0.000102959,0.000102947,0.00010297,0.000102959
0.000101979,0.000101773,0.000102185,0.000101979
0.000112188,0.000106758,0.000117619,0.000112188
0.000106169,0.000104933,0.000107404,0.000106169
0.000102657,0.000102455,0.000102858,0.000102657
0.000101892,0.000101703,0.000102081,0.000101892
0.000101557,0.000101286,0.000101827,0.000101557
0.00010231,0.000102251,0.000102369,0.00010231
0.000102551,0.000101241,0.000103862,0.000102551
0.00010126,0.000100866,0.000101654,0.00010126
0.000103646,0.000101751,0.000105541,0.000103646
0.000102063,0.000101756,0.000102371,0.000102063
0.000107393,0.00010297,0.000111816,0.000107393
0.000104511,0.000101551,0.000107472,0.000104511
9.9224e-05,9.875e-05,9.9698e-05,9.9224e-05
9.9353e-05,9.9063e-05,9.9642e-05,9.9353e-05
9.9254e-05,9.9236e-05,9.9272e-05,9.9254e-05
9.9685e-05,9.9113e-05,0.000100256,9.9685e-05
0.000100342,0.00010026,0.000100424,0.000100342
9.9703e-05,9.9542e-05,9.9864e-05,9.9703e-05
9.9418e-05,9.9263e-05,9.9573e-05,9.9418e-05
0.000100089,9.9765e-05,0.000100413,0.000100089
0.000100181,9.9194e-05,0.000101168,0.000100181
9.9738e-05,9.9444e-05,0.000100032,9.9738e-05
9.9412e-05,9.9179e-05,9.9645e-05,9.9412e-05
9.9665e-05,9.9225e-05,0.000100104,9.9665e-05
0.000100148,9.9423e-05,0.000100873,0.000100148
9.9542e-05,9.92e-05,9.9883e-05,9.9542e-05
9.9042e-05,9.8698e-05,9.9386e-05,9.9042e-05
9.9516e-05,9.9321e-05,9.9712e-05,9.9516e-05
9.971e-05,9.9666e-05,9.9755e-05,9.971e-05
9.9326e-05,9.9179e-05,9.9473e-05,9.9326e-05
0.000133199,9.9701e-05,0.000166696,0.000133199
0.000100089,9.994e-05,0.000100239,0.000100089
9.9547e-05,9.8936e-05,0.000100159,9.9547e-05
9.9271e-05,9.8766e-05,9.9776e-05,9.9271e-05
9.9248e-05,9.8848e-05,9.9647e-05,9.9248e-05
9.9956e-05,9.9824e-05,0.000100087,9.9956e-05
9.9439e-05,9.9314e-05,9.9564e-05,9.9439e-05
9.9283e-05,9.9106e-05,9.946e-05,9.9283e-05
9.9848e-05,9.9513e-05,0.000100183,9.9848e-05
9.9517e-05,9.9432e-05,9.9602e-05,9.9517e-05
9.9151e-05,9.8697e-05,9.9605e-05,9.9151e-05
9.9403e-05,9.909e-05,9.9716e-05,9.9403e-05
9.9949e-05,9.9925e-05,9.9973e-05,9.9949e-05
9.9551e-05,9.9479e-05,9.9622e-05,9.9551e-05
9.952e-05,9.92e-05,9.984e-05,9.952e-05
9.97e-05,9.9645e-05,9.9755e-05,9.97e-05
0.000100011,9.957e-05,0.000100451,0.000100011
9.9683e-05,9.9206e-05,0.00010016,9.9683e-05
9.9215e-05,9.9172e-05,9.9258e-05,9.9215e-05
9.9456e-05,9.9216e-05,9.9696e-05,9.9456e-05
9.9439e-05,9.9057e-05,9.982e-05,9.9439e-05
9.9745e-05,9.9499e-05,9.9991e-05,9.9745e-05
9.9645e-05,9.9379e-05,9.991e-05,9.9645e-05
9.9234e-05,9.9191e-05,9.9278e-05,9.9234e-05
9.9894e-05,9.9782e-05,0.000100007,9.9894e-05
9.9662e-05,9.9532e-05,9.9791e-05,9.9662e-05
9.9874e-05,9.9555e-05,0.000100192,9.9874e-05
9.963e-05,9.9141e-05,0.000100119,9.963e-05
0.000100056,9.9707e-05,0.000100405,0.000100056
0.000100434,9.9542e-05,0.000101326,0.000100434
0.000100008,9.9884e-05,0.000100132,0.000100008
9.9455e-05,9.9172e-05,9.9738e-05,9.9455e-05
9.9785e-05,9.932e-05,0.000100249,9.9785e-05
0.000100138,9.9917e-05,0.000100359,0.000100138
0.000147537,0.000119241,0.000175833,0.000147537
9.9499e-05,9.9361e-05,9.9638e-05,9.9499e-05
9.9782e-05,9.9697e-05,9.9868e-05,9.9782e-05
9.8948e-05,9.8837e-05,9.906e-05,9.8948e-05
9.9347e-05,9.921e-05,9.9485e-05,9.9347e-05
9.9793e-05,9.956e-05,0.000100026,9.9793e-05
9.9592e-05,9.9297e-05,9.9888e-05,9.9592e-05
0.000100052,9.9763e-05,0.000100342,0.000100052
0.000218256,0.000182442,0.000254071,0.000218256
0.000100048,9.952e-05,0.000100576,0.000100048
0.000160941,0.000155713,0.000166168,0.000160941
0.000133908,0.000102495,0.000165321,0.000133908
0.000100215,9.9805e-05,0.000100625,0.000100215
0.000100274,9.9377e-05,0.000101171,0.000100274
9.944e-05,9.8939e-05,9.9941e-05,9.944e-05
9.9912e-05,9.9634e-05,0.000100189,9.9912e-05
9.9465e-05,9.9413e-05,9.9516e-05,9.9465e-05
9.9437e-05,9.915e-05,9.9724e-05,9.9437e-05
9.9563e-05,9.9001e-05,0.000100125,9.9563e-05
9.9754e-05,9.9277e-05,0.000100231,9.9754e-05
9.9867e-05,9.9814e-05,9.992e-05,9.9867e-05
9.9271e-05,9.9101e-05,9.9441e-05,9.9271e-05
9.9863e-05,9.8985e-05,0.000100741,9.9863e-05
9.9265e-05,9.8923e-05,9.9607e-05,9.9265e-05
9.9907e-05,9.9472e-05,0.000100342,9.9907e-05
0.000100648,0.000100337,0.000100959,0.000100648
0.000100225,9.9342e-05,0.000101107,0.000100225
0.000100327,9.9859e-05,0.000100794,0.000100327
0.0001003,9.9505e-05,0.000101095,0.0001003
9.9487e-05,9.8778e-05,0.000100197,9.9487e-05
9.9525e-05,9.8882e-05,0.000100168,9.9525e-05
9.9761e-05,9.8808e-05,0.000100714,9.9761e-05
9.9247e-05,9.903e-05,9.9463e-05,9.9247e-05
9.9565e-05,9.9158e-05,9.9972e-05,9.9565e-05
9.9915e-05,9.9863e-05,9.9967e-05,9.9915e-05
9.9247e-05,9.8733e-05,9.9761e-05,9.9247e-05
0.000100222,0.000100149,0.000100295,0.000100222
9.9483e-05,9.893e-05,0.000100036,9.9483e-05
9.9552e-05,9.8826e-05,0.000100278,9.9552e-05
9.9557e-05,9.8977e-05,0.000100137,9.9557e-05
9.9804e-05,9.9522e-05,0.000100085,9.9804e-05
0.000102111,9.9299e-05,0.000104922,0.000102111
9.9899e-05,9.8941e-05,0.000100857,9.9899e-05
0.000100027,9.909e-05,0.000100964,0.000100027
9.9135e-05,9.911e-05,9.9159e-05,9.9135e-05
0.000100209,0.000100057,0.000100361,0.000100209
9.9908e-05,9.9857e-05,9.9959e-05,9.9908e-05
9.9464e-05,9.8659e-05,0.000100269,9.9464e-05
9.9881e-05,9.9834e-05,9.9928e-05,9.9881e-05
0.000101345,0.000100122,0.000102569,0.000101345
9.9201e-05,9.9104e-05,9.9299e-05,9.9201e-05
0.000100678,0.000100493,0.000100864,0.000100678
9.999e-05,9.9926e-05,0.000100054,9.999e-05
0.000100483,9.9887e-05,0.00010108,0.000100483
0.00012105,0.000100429,0.000141671,0.00012105
9.9867e-05,9.9569e-05,0.000100165,9.9867e-05
0.000100523,0.000100161,0.000100884,0.000100523
9.9595e-05,9.9287e-05,9.9903e-05,9.9595e-05
9.9693e-05,9.9089e-05,0.000100297,9.9693e-05
0.000100275,0.000100065,0.000100485,0.000100275
9.9835e-05,9.9125e-05,0.000100545,9.9835e-05
9.9747e-05,9.9433e-05,0.000100061,9.9747e-05
9.9376e-05,9.895e-05,9.9803e-05,9.9376e-05
9.9492e-05,9.9125e-05,9.9859e-05,9.9492e-05
9.9617e-05,9.907e-05,0.000100165,9.9617e-05
9.9542e-05,9.9248e-05,9.9836e-05,9.9542e-05
9.9313e-05,9.9186e-05,9.944e-05,9.9313e-05
0.000100201,0.000100161,0.000100241,0.000100201
9.9732e-05,9.9321e-05,0.000100142,9.9732e-05
9.9574e-05,9.9058e-05,0.000100091,9.9574e-05
0.000100272,0.00010023,0.000100315,0.000100272
0.000100982,0.000100508,0.000101456,0.000100982
9.9807e-05,9.9181e-05,0.000100432,9.9807e-05
9.9173e-05,9.8859e-05,9.9487e-05,9.9173e-05
9.9621e-05,9.935e-05,9.9892e-05,9.9621e-05
9.951e-05,9.9211e-05,9.9809e-05,9.951e-05
0.000100068,9.9885e-05,0.000100251,0.000100068
9.946e-05,9.902e-05,9.99e-05,9.946e-05
9.902e-05,9.8896e-05,9.9144e-05,9.902e-05
9.9686e-05,9.9473e-05,9.9898e-05,9.9686e-05
9.9224e-05,9.9013e-05,9.9436e-05,9.9224e-05
9.9575e-05,9.935e-05,9.98e-05,9.9575e-05
9.987e-05,9.9742e-05,9.9998e-05,9.987e-05
9.9394e-05,9.9232e-05,9.9557e-05,9.9394e-05
9.9091e-05,9.8999e-05,9.9182e-05,9.9091e-05
0.000100099,9.9956e-05,0.000100242,0.000100099
0.000103066,9.9967e-05,0.000106164,0.000103066
0.000100678,9.9433e-05,0.000101922,0.000100678
9.9858e-05,9.9173e-05,0.000100542,9.9858e-05
0.000100175,0.000100153,0.000100197,0.000100175
9.9383e-05,9.9344e-05,9.9421e-05,9.9383e-05
0.000315891,0.000195205,0.000436577,0.000315891
0.000158293,9.9703e-05,0.000216884,0.000158293
0.000138335,9.9221e-05,0.00017745,0.000138335
9.9948e-05,9.9171e-05,0.000100726,9.9948e-05
9.9793e-05,9.9412e-05,0.000100175,9.9793e-05
9.9924e-05,9.9418e-05,0.00010043,9.9924e-05
9.9748e-05,9.9379e-05,0.000100117,9.9748e-05
9.9986e-05,9.9909e-05,0.000100064,9.9986e-05
9.8959e-05,9.8801e-05,9.9117e-05,9.8959e-05
9.8955e-05,9.8859e-05,9.9051e-05,9.8955e-05
0.000100711,0.00010011,0.000101311,0.000100711
9.9597e-05,9.956e-05,9.9634e-05,9.9597e-05
0.000100451,9.9858e-05,0.000101043,0.000100451
9.9309e-05,9.9001e-05,9.9616e-05,9.9309e-05
9.9329e-05,9.8955e-05,9.9703e-05,9.9329e-05
9.9524e-05,9.9308e-05,9.9739e-05,9.9524e-05
9.99e-05,9.9249e-05,0.00010055,9.99e-05
0.000124431,0.000114488,0.000134374,0.000124431
9.9459e-05,9.8823e-05,0.000100095,9.9459e-05
9.9741e-05,9.9362e-05,0.000100119,9.9741e-05
0.00010008,9.9746e-05,0.000100413,0.00010008
9.9553e-05,9.9268e-05,9.9838e-05,9.9553e-05
9.9834e-05,9.9799e-05,9.9869e-05,9.9834e-05
9.9679e-05,9.8748e-05,0.00010061,9.9679e-05
0.000100215,0.000100195,0.000100235,0.000100215
0.000100732,0.000100686,0.000100778,0.000100732
9.9614e-05,9.9509e-05,9.9718e-05,9.9614e-05
0.000100024,9.9768e-05,0.00010028,0.000100024
9.9602e-05,9.9172e-05,0.000100033,9.9602e-05
9.9771e-05,9.9642e-05,9.99e-05,9.9771e-05
9.9399e-05,9.9384e-05,9.9413e-05,9.9399e-05
9.9202e-05,9.8729e-05,9.9675e-05,9.9202e-05
9.9532e-05,9.8807e-05,0.000100257,9.9532e-05
0.00010022,9.9853e-05,0.000100587,0.00010022
9.9532e-05,9.9356e-05,9.9708e-05,9.9532e-05
9.948e-05,9.937e-05,9.9589e-05,9.948e-05
9.9601e-05,9.9522e-05,9.968e-05,9.9601e-05
9.9865e-05,9.977e-05,9.9959e-05,9.9865e-05
0.000100067,9.9843e-05,0.000100291,0.000100067
0.00010005,9.9631e-05,0.000100468,0.00010005
0.000100557,0.000100225,0.000100889,0.000100557
0.000100125,0.000100084,0.000100166,0.000100125
0.000100223,9.9832e-05,0.000100615,0.000100223
0.000129387,0.00012314,0.000135635,0.000129387
9.9777e-05,9.9464e-05,0.00010009,9.9777e-05
9.9729e-05,9.9574e-05,9.9884e-05,9.9729e-05
0.000100487,0.000100436,0.000100537,0.000100487
9.9211e-05,9.9162e-05,9.9261e-05,9.9211e-05
9.9512e-05,9.8758e-05,0.000100267,9.9512e-05
9.9338e-05,9.882e-05,9.9857e-05,9.9338e-05
9.96e-05,9.9539e-05,9.9661e-05,9.96e-05
0.000100513,0.000100122,0.000100903,0.000100513
9.9378e-05,9.9215e-05,9.9541e-05,9.9378e-05
9.9182e-05,9.8915e-05,9.945e-05,9.9182e-05
9.9454e-05,9.9038e-05,9.987e-05,9.9454e-05
9.99e-05,9.9292e-05,0.000100507,9.99e-05
9.9308e-05,9.9197e-05,9.9419e-05,9.9308e-05
0.000100429,0.000100367,0.00010049,0.000100429
0.000100167,0.000100105,0.000100229,0.000100167
0.00010001,9.9739e-05,0.000100282,0.00010001
0.000124386,0.000100329,0.000148442,0.000124386
9.9966e-05,9.9921e-05,0.000100011,9.9966e-05
9.9668e-05,9.9391e-05,9.9944e-05,9.9668e-05
9.9013e-05,9.8928e-05,9.9099e-05,9.9013e-05
0.000100068,9.9437e-05,0.000100698,0.000100068
9.9323e-05,9.893e-05,9.9715e-05,9.9323e-05
0.000100163,9.9805e-05,0.00010052,0.000100163
0.000101006,0.000100567,0.000101445,0.000101006
9.9779e-05,9.9685e-05,9.9874e-05,9.9779e-05
0.000100015,9.9605e-05,0.000100424,0.000100015
9.975e-05,9.9623e-05,9.9876e-05,9.975e-05
9.9681e-05,9.9426e-05,9.9936e-05,9.9681e-05
9.9991e-05,9.9902e-05,0.00010008,9.9991e-05
9.9795e-05,9.963e-05,9.9959e-05,9.9795e-05
0.000100039,9.9641e-05,0.000100437,0.000100039
0.000100003,9.9895e-05,0.000100112,0.000100003
9.9501e-05,9.9409e-05,9.9592e-05,9.9501e-05
0.00010049,0.000100178,0.000100802,0.00010049
0.000100087,9.9233e-05,0.000100941,0.000100087
0.000100092,9.9994e-05,0.00010019,0.000100092
0.000101549,0.000101407,0.000101691,0.000101549
0.00010001,9.938e-05,0.000100641,0.00010001
0.000100343,9.9691e-05,0.000100995,0.000100343
9.9861e-05,9.9579e-05,0.000100143,9.9861e-05
9.9744e-05,9.9631e-05,9.9858e-05,9.9744e-05
0.000100314,9.9795e-05,0.000100833,0.000100314
0.000100386,0.000100293,0.000100478,0.000100386
9.9776e-05,9.9211e-05,0.000100341,9.9776e-05
0.000100253,9.9847e-05,0.000100658,0.000100253
0.000100628,0.000100434,0.000100822,0.000100628
0.000100583,9.9988e-05,0.000101179,0.000100583
9.9801e-05,9.952e-05,0.000100083,9.9801e-05
0.000100008,9.9407e-05,0.000100608,0.000100008
9.9883e-05,9.9232e-05,0.000100533,9.9883e-05
9.9352e-05,9.9126e-05,9.9578e-05,9.9352e-05
9.9579e-05,9.9127e-05,0.000100032,9.9579e-05
9.9798e-05,9.9498e-05,0.000100098,9.9798e-05
9.9828e-05,9.9552e-05,0.000100105,9.9828e-05
0.000100523,0.000100066,0.00010098,0.000100523
9.9788e-05,9.922e-05,0.000100355,9.9788e-05
0.000100146,0.000100061,0.000100232,0.000100146
9.9944e-05,9.9638e-05,0.00010025,9.9944e-05
9.9394e-05,9.9005e-05,9.9784e-05,9.9394e-05
9.9651e-05,9.9492e-05,9.981e-05,9.9651e-05
9.9561e-05,9.9543e-05,9.9578e-05,9.9561e-05
9.992e-05,9.9754e-05,0.000100086,9.992e-05
9.9487e-05,9.9384e-05,9.959e-05,9.9487e-05
0.000130581,9.9181e-05,0.00016198,0.000130581
0.000102259,9.9204e-05,0.000105314,0.000102259
9.9592e-05,9.9167e-05,0.000100017,9.9592e-05
0.000108642,9.9321e-05,0.000117964,0.000108642
9.9867e-05,9.9634e-05,0.000100101,9.9867e-05
9.9695e-05,9.9427e-05,9.9962e-05,9.9695e-05
9.986e-05,9.9706e-05,0.000100013,9.986e-05
0.000100048,9.9839e-05,0.000100256,0.000100048
9.9491e-05,9.9466e-05,9.9517e-05,9.9491e-05
9.9745e-05,9.9539e-05,9.9952e-05,9.9745e-05
9.959e-05,9.9214e-05,9.9965e-05,9.959e-05
0.000100386,0.000100216,0.000100556,0.000100386
9.9395e-05,9.9212e-05,9.9578e-05,9.9395e-05
9.9522e-05,9.92e-05,9.9845e-05,9.9522e-05
9.9863e-05,9.9648e-05,0.000100077,9.9863e-05
9.9478e-05,9.913e-05,9.9825e-05,9.9478e-05
9.9729e-05,9.9677e-05,9.9782e-05,9.9729e-05
9.9724e-05,9.8821e-05,0.000100628,9.9724e-05
0.000100164,9.9605e-05,0.000100724,0.000100164
9.9254e-05,9.8831e-05,9.9676e-05,9.9254e-05
0.000100108,9.9002e-05,0.000101214,0.000100108
0.000100482,0.000100058,0.000100906,0.000100482
9.953e-05,9.8926e-05,0.000100134,9.953e-05
0.000123371,0.000100463,0.000146279,0.000123371
9.898e-05,9.8968e-05,9.8991e-05,9.898e-05
0.0001004,0.000100381,0.00010042,0.0001004
0.000100233,9.9868e-05,0.000100598,0.000100233
9.9839e-05,9.9786e-05,9.9892e-05,9.9839e-05
9.9897e-05,9.9771e-05,0.000100022,9.9897e-05
0.000100137,9.9653e-05,0.00010062,0.000100137
9.9695e-05,9.9321e-05,0.000100069,9.9695e-05
9.954e-05,9.9019e-05,0.000100061,9.954e-05
0.000100473,9.9801e-05,0.000101145,0.000100473
0.000100621,0.000100438,0.000100803,0.000100621
9.9904e-05,9.9805e-05,0.000100003,9.9904e-05
9.9602e-05,9.9126e-05,0.000100079,9.9602e-05
9.9528e-05,9.9257e-05,9.9799e-05,9.9528e-05
9.9574e-05,9.9538e-05,9.961e-05,9.9574e-05
0.000100268,9.9628e-05,0.000100907,0.000100268
9.9643e-05,9.9407e-05,9.9879e-05,9.9643e-05
9.9535e-05,9.9328e-05,9.9742e-05,9.9535e-05
0.00010009,9.9504e-05,0.000100675,0.00010009
9.9652e-05,9.9496e-05,9.9809e-05,9.9652e-05
9.9551e-05,9.8921e-05,0.000100182,9.9551e-05
9.9785e-05,9.967e-05,9.99e-05,9.9785e-05
0.000100698,0.00010032,0.000101075,0.000100698
0.000100827,0.000100699,0.000100954,0.000100827
9.9753e-05,9.9596e-05,9.991e-05,9.9753e-05
0.000100501,0.000100048,0.000100955,0.000100501
9.9388e-05,9.9008e-05,9.9768e-05,9.9388e-05
9.9581e-05,9.9153e-05,0.00010001,9.9581e-05
9.9052e-05,9.9024e-05,9.908e-05,9.9052e-05
9.9366e-05,9.8893e-05,9.9839e-05,9.9366e-05
9.934e-05,9.8943e-05,9.9738e-05,9.934e-05
9.8945e-05,9.8805e-05,9.9086e-05,9.8945e-05
9.988e-05,9.9481e-05,0.000100278,9.988e-05
0.000100134,9.9352e-05,0.000100916,0.000100134
9.9989e-05,9.944e-05,0.000100538,9.9989e-05
9.987e-05,9.9322e-05,0.000100417,9.987e-05
9.929e-05,9.9072e-05,9.9509e-05,9.929e-05
9.9949e-05,9.9386e-05,0.000100512,9.9949e-05
0.000100027,9.8997e-05,0.000101056,0.000100027
9.9489e-05,9.9485e-05,9.9494e-05,9.9489e-05
0.000100437,0.000100302,0.000100571,0.000100437
9.9665e-05,9.9264e-05,0.000100066,9.9665e-05
0.000100184,9.9431e-05,0.000100938,0.000100184
9.9836e-05,9.8966e-05,0.000100705,9.9836e-05
9.946e-05,9.9381e-05,9.9539e-05,9.946e-05
9.9277e-05,9.8938e-05,9.9615e-05,9.9277e-05
9.9484e-05,9.8772e-05,0.000100196,9.9484e-05
9.9264e-05,9.9261e-05,9.9266e-05,9.9264e-05
9.928e-05,9.8863e-05,9.9696e-05,9.928e-05
9.9707e-05,9.946e-05,9.9953e-05,9.9707e-05
9.957e-05,9.9162e-05,9.9979e-05,9.957e-05
0.000100333,9.9974e-05,0.000100692,0.000100333
0.00010026,9.9254e-05,0.000101266,0.00010026
9.9447e-05,9.9346e-05,9.9548e-05,9.9447e-05
9.9718e-05,9.9142e-05,0.000100294,9.9718e-05
0.000100071,9.9435e-05,0.000100706,0.000100071
9.9648e-05,9.9368e-05,9.9928e-05,9.9648e-05
9.9308e-05,9.8865e-05,9.9751e-05,9.9308e-05
0.000100312,0.000100099,0.000100525,0.000100312
9.9193e-05,9.9146e-05,9.924e-05,9.9193e-05
9.8871e-05,9.8832e-05,9.891e-05,9.8871e-05
9.9251e-05,9.9138e-05,9.9365e-05,9.9251e-05
0.000172151,0.000100379,0.000243923,0.000172151
0.000100327,0.000100233,0.000100421,0.000100327
9.898e-05,9.8919e-05,9.904e-05,9.898e-05
9.9479e-05,9.9148e-05,9.981e-05,9.9479e-05
0.000100684,0.000100614,0.000100755,0.000100684
9.979e-05,9.9592e-05,9.9988e-05,9.979e-05
9.9647e-05,9.9294e-05,0.000100001,9.9647e-05
0.00011947,9.9718e-05,0.000139223,0.00011947
9.9979e-05,9.9115e-05,0.000100843,9.9979e-05
0.000100244,9.9565e-05,0.000100922,0.000100244
9.9468e-05,9.9167e-05,9.9768e-05,9.9468e-05
0.000267082,9.9262e-05,0.000434903,0.000267082
9.9951e-05,9.9564e-05,0.000100338,9.9951e-05
0.000988375,9.9959e-05,0.001876791,0.000988375
0.004787387,9.9212e-05,0.009475561,0.004787387
9.9349e-05,9.8816e-05,9.9883e-05,9.9349e-05
0.000236399,0.00010026,0.000372538,0.000236399
9.982e-05,9.9558e-05,0.000100081,9.982e-05
0.000100365,0.000100097,0.000100633,0.000100365
9.8973e-05,9.8949e-05,9.8996e-05,9.8973e-05
9.9334e-05,9.8925e-05,9.9743e-05,9.9334e-05
9.968e-05,9.9036e-05,0.000100323,9.968e-05
0.000100463,9.9788e-05,0.000101138,0.000100463
9.9272e-05,9.9205e-05,9.9338e-05,9.9272e-05
0.000100065,9.9951e-05,0.00010018,0.000100065
9.9442e-05,9.8908e-05,9.9975e-05,9.9442e-05
9.9626e-05,9.9569e-05,9.9684e-05,9.9626e-05
9.9546e-05,9.9404e-05,9.9688e-05,9.9546e-05
9.9726e-05,9.9167e-05,0.000100284,9.9726e-05
9.9698e-05,9.9632e-05,9.9765e-05,9.9698e-05
9.9185e-05,9.9098e-05,9.9271e-05,9.9185e-05
0.000138342,0.000122418,0.000154267,0.000138342
9.9631e-05,9.9245e-05,0.000100017,9.9631e-05
9.9401e-05,9.8748e-05,0.000100054,9.9401e-05
9.9604e-05,9.8988e-05,0.000100221,9.9604e-05
9.9384e-05,9.9139e-05,9.9628e-05,9.9384e-05
9.9744e-05,9.9531e-05,9.9957e-05,9.9744e-05
9.9423e-05,9.9305e-05,9.9541e-05,9.9423e-05
9.9818e-05,9.9043e-05,0.000100592,9.9818e-05
9.9232e-05,9.8813e-05,9.9651e-05,9.9232e-05
9.9508e-05,9.9144e-05,9.9873e-05,9.9508e-05
9.9606e-05,9.9488e-05,9.9723e-05,9.9606e-05
9.9435e-05,9.8876e-05,9.9994e-05,9.9435e-05
9.9475e-05,9.9273e-05,9.9677e-05,9.9475e-05
0.000100359,0.000100216,0.000100502,0.000100359
9.9194e-05,9.9147e-05,9.9241e-05,9.9194e-05
9.9624e-05,9.8954e-05,0.000100295,9.9624e-05
9.9326e-05,9.8772e-05,9.988e-05,9.9326e-05
9.9085e-05,9.9012e-05,9.9159e-05,9.9085e-05
9.9732e-05,9.9376e-05,0.000100088,9.9732e-05
9.9435e-05,9.924e-05,9.963e-05,9.9435e-05
9.9888e-05,9.9521e-05,0.000100256,9.9888e-05
9.9874e-05,9.9727e-05,0.000100021,9.9874e-05
9.97e-05,9.9414e-05,9.9986e-05,9.97e-05
0.000100329,0.000100196,0.000100462,0.000100329
9.9809e-05,9.9309e-05,0.000100309,9.9809e-05
9.917e-05,9.9131e-05,9.921e-05,9.917e-05
9.9754e-05,9.9261e-05,0.000100248,9.9754e-05
9.9677e-05,9.9374e-05,9.9981e-05,9.9677e-05
9.9419e-05,9.863e-05,0.000100208,9.9419e-05
9.9566e-05,9.9288e-05,9.9843e-05,9.9566e-05
9.9506e-05,9.8913e-05,0.000100099,9.9506e-05
9.9135e-05,9.8914e-05,9.9357e-05,9.9135e-05
9.9467e-05,9.8836e-05,0.000100098,9.9467e-05
0.000100315,9.9976e-05,0.000100654,0.000100315
9.9966e-05,9.9839e-05,0.000100093,9.9966e-05
9.9528e-05,9.9123e-05,9.9932e-05,9.9528e-05
9.989e-05,9.9309e-05,0.000100471,9.989e-05
0.000100495,0.000100277,0.000100712,0.000100495
9.9786e-05,9.931e-05,0.000100263,9.9786e-05
9.9462e-05,9.9141e-05,9.9784e-05,9.9462e-05
9.9506e-05,9.9006e-05,0.000100006,9.9506e-05
9.9542e-05,9.9519e-05,9.9566e-05,9.9542e-05
9.9587e-05,9.9507e-05,9.9668e-05,9.9587e-05
0.000100117,9.9769e-05,0.000100465,0.000100117
9.9841e-05,9.9617e-05,0.000100064,9.9841e-05
0.000100118,0.00010001,0.000100226,0.000100118
9.9752e-05,9.8925e-05,0.000100578,9.9752e-05
9.9745e-05,9.9069e-05,0.000100421,9.9745e-05
9.963e-05,9.951e-05,9.975e-05,9.963e-05
0.000100053,9.998e-05,0.000100126,0.000100053
0.000100054,9.9621e-05,0.000100487,0.000100054
0.000100881,0.000100742,0.000101021,0.000100881
9.9645e-05,9.9069e-05,0.000100221,9.9645e-05
0.000100321,9.9548e-05,0.000101093,0.000100321
9.9732e-05,9.9355e-05,0.00010011,9.9732e-05
9.9629e-05,9.9488e-05,9.9769e-05,9.9629e-05
9.918e-05,9.8958e-05,9.9403e-05,9.918e-05
0.000100072,0.000100051,0.000100094,0.000100072
9.9968e-05,9.9386e-05,0.000100549,9.9968e-05
9.9674e-05,9.9051e-05,0.000100296,9.9674e-05
9.9532e-05,9.9301e-05,9.9762e-05,9.9532e-05
9.9576e-05,9.9199e-05,9.9954e-05,9.9576e-05
0.000100069,9.9513e-05,0.000100626,0.000100069
0.000100184,0.000100142,0.000100227,0.000100184
9.9092e-05,9.8837e-05,9.9347e-05,9.9092e-05
9.9241e-05,9.8991e-05,9.9491e-05,9.9241e-05
9.9563e-05,9.9428e-05,9.9698e-05,9.9563e-05
9.9473e-05,9.9116e-05,9.9831e-05,9.9473e-05
9.9713e-05,9.9267e-05,0.000100159,9.9713e-05
9.9619e-05,9.9573e-05,9.9665e-05,9.9619e-05
9.9614e-05,9.9309e-05,9.9919e-05,9.9614e-05
9.9376e-05,9.9078e-05,9.9673e-05,9.9376e-05
9.9508e-05,9.8557e-05,0.00010046,9.9508e-05
0.000100806,0.000100339,0.000101273,0.000100806
0.000100308,0.000100108,0.000100507,0.000100308
9.9854e-05,9.9459e-05,0.000100249,9.9854e-05
9.9392e-05,9.9179e-05,9.9604e-05,9.9392e-05
9.9741e-05,9.9263e-05,0.000100218,9.9741e-05
9.9477e-05,9.916e-05,9.9794e-05,9.9477e-05
9.95e-05,9.8941e-05,0.00010006,9.95e-05
9.9805e-05,9.9728e-05,9.9881e-05,9.9805e-05
0.00010024,9.89e-05,0.000101579,0.00010024
0.00010007,9.9141e-05,0.000100999,0.00010007
9.9514e-05,9.9357e-05,9.967e-05,9.9514e-05
0.000100258,9.9947e-05,0.000100569,0.000100258
0.000100083,0.000100014,0.000100152,0.000100083
9.9849e-05,9.9784e-05,9.9915e-05,9.9849e-05
0.000100147,9.9919e-05,0.000100376,0.000100147
0.000100098,9.9862e-05,0.000100335,0.000100098
9.9543e-05,9.9028e-05,0.000100057,9.9543e-05
9.9444e-05,9.9394e-05,9.9494e-05,9.9444e-05
9.9504e-05,9.9474e-05,9.9535e-05,9.9504e-05
0.000100111,9.9454e-05,0.000100769,0.000100111
9.958e-05,9.8794e-05,0.000100365,9.958e-05
9.9216e-05,9.9207e-05,9.9226e-05,9.9216e-05
9.9532e-05,9.8913e-05,0.000100152,9.9532e-05
9.9465e-05,9.8664e-05,0.000100266,9.9465e-05
9.9814e-05,9.8703e-05,0.000100926,9.9814e-05
9.9666e-05,9.9662e-05,9.967e-05,9.9666e-05
9.9366e-05,9.9332e-05,9.94e-05,9.9366e-05
9.9513e-05,9.8983e-05,0.000100044,9.9513e-05
9.9488e-05,9.8836e-05,0.00010014,9.9488e-05
9.9419e-05,9.898e-05,9.9857e-05,9.9419e-05
0.000100154,9.9914e-05,0.000100393,0.000100154
9.9568e-05,9.9391e-05,9.9745e-05,9.9568e-05
9.9618e-05,9.8958e-05,0.000100279,9.9618e-05
9.9164e-05,9.9101e-05,9.9227e-05,9.9164e-05
9.9505e-05,9.9432e-05,9.9578e-05,9.9505e-05
9.9501e-05,9.9183e-05,9.9819e-05,9.9501e-05
9.9751e-05,9.9387e-05,0.000100116,9.9751e-05
0.000100229,9.9995e-05,0.000100463,0.000100229
9.9004e-05,9.8721e-05,9.9287e-05,9.9004e-05
9.9517e-05,9.9191e-05,9.9842e-05,9.9517e-05
9.9718e-05,9.93e-05,0.000100137,9.9718e-05
9.9137e-05,9.9047e-05,9.9226e-05,9.9137e-05
9.9422e-05,9.9294e-05,9.955e-05,9.9422e-05
9.9797e-05,9.9705e-05,9.989e-05,9.9797e-05
9.9748e-05,9.9261e-05,0.000100234,9.9748e-05
9.9404e-05,9.9291e-05,9.9517e-05,9.9404e-05
9.928e-05,9.9174e-05,9.9387e-05,9.928e-05
9.9379e-05,9.9021e-05,9.9737e-05,9.9379e-05
9.9827e-05,9.9172e-05,0.000100481,9.9827e-05
9.9736e-05,9.8751e-05,0.000100722,9.9736e-05
9.9595e-05,9.9389e-05,9.9801e-05,9.9595e-05
9.9155e-05,9.9031e-05,9.9279e-05,9.9155e-05
9.9942e-05,9.9623e-05,0.000100261,9.9942e-05
9.9624e-05,9.9154e-05,0.000100095,9.9624e-05
9.9535e-05,9.9111e-05,9.996e-05,9.9535e-05
9.9353e-05,9.9159e-05,9.9548e-05,9.9353e-05
9.9703e-05,9.8792e-05,0.000100615,9.9703e-05
9.9546e-05,9.9128e-05,9.9964e-05,9.9546e-05
9.9702e-05,9.885e-05,0.000100555,9.9702e-05
9.932e-05,9.9313e-05,9.9327e-05,9.932e-05
0.000100091,9.9468e-05,0.000100714,0.000100091
0.000100284,9.9461e-05,0.000101107,0.000100284
9.991e-05,9.9145e-05,0.000100676,9.991e-05
9.9418e-05,9.9361e-05,9.9475e-05,9.9418e-05
9.9863e-05,9.9474e-05,0.000100253,9.9863e-05
9.9976e-05,9.9844e-05,0.000100108,9.9976e-05
9.9978e-05,9.9435e-05,0.000100521,9.9978e-05
9.9663e-05,9.9639e-05,9.9687e-05,9.9663e-05
0.000100095,9.9666e-05,0.000100524,0.000100095
9.9808e-05,9.9174e-05,0.000100441,9.9808e-05
0.000100238,9.978e-05,0.000100695,0.000100238
0.000100126,9.9942e-05,0.000100309,0.000100126
9.9244e-05,9.9127e-05,9.936e-05,9.9244e-05
9.9561e-05,9.9525e-05,9.9596e-05,9.9561e-05
0.000100235,9.9876e-05,0.000100595,0.000100235
9.9566e-05,9.9198e-05,9.9933e-05,9.9566e-05
9.9866e-05,9.9764e-05,9.9967e-05,9.9866e-05
0.000100005,9.9637e-05,0.000100372,0.000100005
0.000101064,0.000100273,0.000101855,0.000101064
9.9327e-05,9.9283e-05,9.9371e-05,9.9327e-05
9.9714e-05,9.9695e-05,9.9732e-05,9.9714e-05
9.9574e-05,9.9303e-05,9.9845e-05,9.9574e-05
9.9554e-05,9.9435e-05,9.9674e-05,9.9554e-05
9.9401e-05,9.9053e-05,9.9749e-05,9.9401e-05
9.9619e-05,9.9522e-05,9.9715e-05,9.9619e-05
9.9786e-05,9.9377e-05,0.000100195,9.9786e-05
0.00010045,9.961e-05,0.00010129,0.00010045
0.000100097,9.9414e-05,0.000100781,0.000100097
9.9907e-05,9.9635e-05,0.00010018,9.9907e-05
0.000100268,0.000100121,0.000100415,0.000100268
9.9585e-05,9.9123e-05,0.000100047,9.9585e-05
9.9844e-05,9.9376e-05,0.000100311,9.9844e-05
0.000100306,9.9575e-05,0.000101037,0.000100306
9.9695e-05,9.9601e-05,9.979e-05,9.9695e-05
0.000100921,0.000100898,0.000100944,0.000100921
0.000100062,9.9398e-05,0.000100726,0.000100062
0.000100116,0.000100053,0.000100179,0.000100116
0.000100013,9.9571e-05,0.000100456,0.000100013
9.9626e-05,9.9407e-05,9.9845e-05,9.9626e-05
0.000100177,9.9959e-05,0.000100395,0.000100177
0.00010015,0.000100061,0.000100238,0.00010015
9.97e-05,9.9178e-05,0.000100222,9.97e-05
0.000100079,9.8946e-05,0.000101212,0.000100079
9.9289e-05,9.9265e-05,9.9312e-05,9.9289e-05
0.000100353,0.000100049,0.000100658,0.000100353
9.9945e-05,9.9709e-05,0.000100181,9.9945e-05
9.9771e-05,9.9752e-05,9.9789e-05,9.9771e-05
9.9874e-05,9.9703e-05,0.000100044,9.9874e-05
9.9927e-05,9.9426e-05,0.000100429,9.9927e-05
0.000100275,0.000100235,0.000100315,0.000100275
9.98e-05,9.9192e-05,0.000100408,9.98e-05
9.9312e-05,9.9233e-05,9.939e-05,9.9312e-05
9.9587e-05,9.8943e-05,0.000100231,9.9587e-05
9.9678e-05,9.9259e-05,0.000100098,9.9678e-05
9.9752e-05,9.9328e-05,0.000100176,9.9752e-05
9.9846e-05,9.9685e-05,0.000100006,9.9846e-05
9.9649e-05,9.9249e-05,0.00010005,9.9649e-05
9.9564e-05,9.8971e-05,0.000100156,9.9564e-05
9.937e-05,9.9208e-05,9.9531e-05,9.937e-05
0.000137251,9.9246e-05,0.000175256,0.000137251
9.9516e-05,9.9276e-05,9.9756e-05,9.9516e-05
0.000100507,0.000100044,0.00010097,0.000100507
9.9415e-05,9.9269e-05,9.9562e-05,9.9415e-05
0.000100017,9.9646e-05,0.000100387,0.000100017
9.9623e-05,9.9096e-05,0.000100151,9.9623e-05
0.000120208,0.000100255,0.000140162,0.000120208
0.000121418,9.9642e-05,0.000143194,0.000121418
0.00010631,9.9726e-05,0.000112893,0.00010631
0.00010024,0.000100225,0.000100256,0.00010024
9.9639e-05,9.9003e-05,0.000100274,9.9639e-05
9.9752e-05,9.9732e-05,9.9771e-05,9.9752e-05
9.9711e-05,9.9545e-05,9.9877e-05,9.9711e-05
9.9643e-05,9.934e-05,9.9947e-05,9.9643e-05
9.9898e-05,9.9815e-05,9.9981e-05,9.9898e-05
9.9801e-05,9.9375e-05,0.000100227,9.9801e-05
9.9161e-05,9.875e-05,9.9573e-05,9.9161e-05
9.9997e-05,9.9793e-05,0.000100201,9.9997e-05
9.9869e-05,9.9715e-05,0.000100023,9.9869e-05
0.000100099,9.8992e-05,0.000101207,0.000100099
9.9327e-05,9.9117e-05,9.9538e-05,9.9327e-05
9.9389e-05,9.9313e-05,9.9465e-05,9.9389e-05
9.968e-05,9.9582e-05,9.9778e-05,9.968e-05
0.000100206,0.000100031,0.000100381,0.000100206
9.9727e-05,9.9095e-05,0.000100358,9.9727e-05
9.9426e-05,9.9228e-05,9.9625e-05,9.9426e-05
9.9735e-05,9.9332e-05,0.000100139,9.9735e-05
9.9375e-05,9.919e-05,9.9561e-05,9.9375e-05
9.9196e-05,9.8779e-05,9.9613e-05,9.9196e-05
9.9545e-05,9.949e-05,9.96e-05,9.9545e-05
9.9743e-05,9.9606e-05,9.9881e-05,9.9743e-05
9.9418e-05,9.9335e-05,9.9501e-05,9.9418e-05
9.9394e-05,9.9372e-05,9.9417e-05,9.9394e-05
9.9615e-05,9.9457e-05,9.9773e-05,9.9615e-05
9.9504e-05,9.9377e-05,9.963e-05,9.9504e-05
9.9928e-05,9.8987e-05,0.000100869,9.9928e-05
9.9632e-05,9.9511e-05,9.9754e-05,9.9632e-05
0.00010036,9.9553e-05,0.000101166,0.00010036
0.000100496,0.000100006,0.000100986,0.000100496
9.9725e-05,9.9056e-05,0.000100393,9.9725e-05
9.9403e-05,9.9166e-05,9.964e-05,9.9403e-05
0.000100321,0.000100093,0.000100548,0.000100321
0.000464426,0.000338205,0.000590646,0.000464426
0.000533844,0.000512489,0.000555199,0.000533844
0.000449322,0.000402365,0.000496279,0.000449322
0.000492351,0.000490326,0.000494376,0.000492351
0.000557415,0.000522707,0.000592123,0.000557415
0.000511402,0.000491438,0.000531365,0.000511402
0.000363207,0.000285043,0.00044137,0.000363207
0.000552117,0.000515324,0.000588911,0.000552117
0.000549275,0.000490579,0.000607971,0.000549275
0.00056744,0.000566732,0.000568148,0.00056744
0.000569611,0.000564381,0.000574842,0.000569611
0.000423288,0.000353775,0.0004928,0.000423288
0.000341756,0.000340188,0.000343325,0.000341756
0.000391619,0.00034714,0.000436099,0.000391619
0.000332544,0.000311033,0.000354056,0.000332544
0.000339816,0.000216296,0.000463336,0.000339816
0.000437891,0.000337333,0.000538449,0.000437891
0.000523507,0.000466282,0.000580733,0.000523507
0.000579238,0.000454951,0.000703526,0.000579238
0.000355461,0.000214468,0.000496454,0.000355461
0.000388795,0.000376929,0.000400661,0.000388795
0.00041129,0.00035878,0.0004638,0.00041129
0.000303812,0.000298215,0.00030941,0.000303812
0.000377057,0.000367956,0.000386159,0.000377057
0.000280901,0.000277494,0.000284308,0.000280901
0.000332511,0.000286142,0.000378879,0.000332511
0.000296681,0.000252904,0.000340458,0.000296681
0.000283027,0.00022373,0.000342325,0.000283027
0.000375742,0.000295889,0.000455595,0.000375742
0.000733411,0.000372722,0.001094101,0.000733411
0.000542871,0.000542017,0.000543724,0.000542871
0.000435369,0.000434313,0.000436425,0.000435369
0.000383926,0.000251666,0.000516186,0.000383926
0.000456184,0.000315672,0.000596696,0.000456184
0.000428422,0.000364442,0.000492402,0.000428422
0.000406352,0.000345809,0.000466896,0.000406352
0.000353829,0.000205766,0.000501892,0.000353829
0.000422116,0.000358242,0.000485991,0.000422116
0.000325001,0.000220523,0.00042948,0.000325001
0.000333994,0.000267151,0.000400837,0.000333994
0.000281537,0.000240212,0.000322862,0.000281537
0.000271897,0.00025403,0.000289765,0.000271897
0.002603521,0.000194012,0.00501303,0.002603521
0.000202012,0.000200064,0.000203959,0.000202012
0.000258548,0.000226402,0.000290695,0.000258548
0.000297426,0.000242958,0.000351894,0.000297426
0.000268562,0.000249868,0.000287256,0.000268562
0.000235763,0.000215809,0.000255716,0.000235763
0.000221025,0.000196994,0.000245057,0.000221025
0.00021115,0.000201717,0.000220583,0.00021115
0.000166567,0.000148949,0.000184185,0.000166567
0.000199386,0.000196279,0.000202493,0.000199386
0.00015874,0.000149194,0.000168286,0.00015874
0.000177062,0.000164945,0.000189179,0.000177062
0.000147333,0.000124202,0.000170465,0.000147333
0.000125543,0.000123222,0.000127863,0.000125543
0.000131867,0.000126103,0.000137632,0.000131867
0.000114382,0.00010821,0.000120555,0.000114382
0.000109444,0.000103421,0.000115467,0.000109444
0.000107048,0.000106409,0.000107687,0.000107048
0.000102903,0.000101022,0.000104783,0.000102903
0.000102727,0.000100342,0.000105112,0.000102727
0.000100834,0.000100793,0.000100875,0.000100834
0.000100214,0.000100008,0.00010042,0.000100214
9.9904e-05,9.9534e-05,0.000100275,9.9904e-05
0.000100166,9.9627e-05,0.000100705,0.000100166
9.9733e-05,9.9413e-05,0.000100053,9.9733e-05
9.9912e-05,9.9898e-05,9.9926e-05,9.9912e-05
9.9595e-05,9.9369e-05,9.9821e-05,9.9595e-05
0.000100293,9.9487e-05,0.000101099,0.000100293
0.000100052,9.925e-05,0.000100853,0.000100052
0.000100006,9.9748e-05,0.000100265,0.000100006
0.000100712,0.000100629,0.000100794,0.000100712
0.00010016,9.9956e-05,0.000100364,0.00010016
9.9729e-05,9.9726e-05,9.9732e-05,9.9729e-05
0.000100322,0.000100281,0.000100363,0.000100322
9.9875e-05,9.9631e-05,0.00010012,9.9875e-05
0.000100366,9.9854e-05,0.000100877,0.000100366
0.000100211,9.9529e-05,0.000100894,0.000100211
9.982e-05,9.9647e-05,9.9994e-05,9.982e-05
0.000100164,9.9839e-05,0.000100488,0.000100164
9.9951e-05,9.9432e-05,0.000100469,9.9951e-05
0.00010015,0.000100123,0.000100177,0.00010015
0.000100066,9.995e-05,0.000100182,0.000100066
0.000100378,0.000100077,0.00010068,0.000100378
0.000100429,0.000100179,0.000100679,0.000100429
9.9331e-05,9.9325e-05,9.9336e-05,9.9331e-05
0.000100278,0.000100059,0.000100496,0.000100278
0.000100118,9.9804e-05,0.000100432,0.000100118
0.000100585,0.000100574,0.000100596,0.000100585
0.000100227,9.9965e-05,0.000100489,0.000100227
0.000100172,9.9953e-05,0.000100391,0.000100172
0.000100044,9.9825e-05,0.000100263,0.000100044
0.00010029,0.00010019,0.00010039,0.00010029
9.9746e-05,9.9694e-05,9.9798e-05,9.9746e-05
9.964e-05,9.8939e-05,0.000100341,9.964e-05
0.000100175,0.000100141,0.000100208,0.000100175
0.000100087,9.9783e-05,0.000100391,0.000100087
9.9332e-05,9.9122e-05,9.9542e-05,9.9332e-05
9.9457e-05,9.9354e-05,9.956e-05,9.9457e-05
0.000135195,9.9309e-05,0.00017108,0.000135195
9.9218e-05,9.9148e-05,9.9288e-05,9.9218e-05
9.9712e-05,9.9607e-05,9.9818e-05,9.9712e-05
9.971e-05,9.9612e-05,9.9808e-05,9.971e-05
0.000128552,9.9246e-05,0.000157857,0.000128552
9.9619e-05,9.9531e-05,9.9706e-05,9.9619e-05
9.9104e-05,9.8753e-05,9.9455e-05,9.9104e-05
9.9807e-05,9.9619e-05,9.9994e-05,9.9807e-05
9.9637e-05,9.9291e-05,9.9982e-05,9.9637e-05
9.9944e-05,9.9809e-05,0.000100079,9.9944e-05
9.9058e-05,9.8753e-05,9.9363e-05,9.9058e-05
9.9857e-05,9.9538e-05,0.000100176,9.9857e-05
9.9783e-05,9.9338e-05,0.000100229,9.9783e-05
9.974e-05,9.9588e-05,9.9892e-05,9.974e-05
9.9571e-05,9.9451e-05,9.9691e-05,9.9571e-05
9.941e-05,9.9128e-05,9.9692e-05,9.941e-05
9.916e-05,9.9084e-05,9.9237e-05,9.916e-05
9.9936e-05,9.8973e-05,0.000100899,9.9936e-05
9.9556e-05,9.9467e-05,9.9645e-05,9.9556e-05
9.9129e-05,9.889e-05,9.9368e-05,9.9129e-05
9.9254e-05,9.9178e-05,9.9331e-05,9.9254e-05
0.000201158,0.000108652,0.000293664,0.000201158
9.9354e-05,9.9319e-05,9.9389e-05,9.9354e-05
9.9185e-05,9.8796e-05,9.9574e-05,9.9185e-05
9.9266e-05,9.922e-05,9.9312e-05,9.9266e-05
9.9639e-05,9.9441e-05,9.9837e-05,9.9639e-05
9.9532e-05,9.8969e-05,0.000100095,9.9532e-05
9.99e-05,9.9834e-05,9.9965e-05,9.99e-05
9.9464e-05,9.9307e-05,9.9621e-05,9.9464e-05
9.949e-05,9.9368e-05,9.9612e-05,9.949e-05
9.9271e-05,9.8793e-05,9.9748e-05,9.9271e-05
0.000100153,9.923e-05,0.000101076,0.000100153
9.9524e-05,9.9483e-05,9.9566e-05,9.9524e-05
9.9536e-05,9.9006e-05,0.000100066,9.9536e-05
9.9274e-05,9.9131e-05,9.9417e-05,9.9274e-05
9.9421e-05,9.9396e-05,9.9446e-05,9.9421e-05
0.00010018,0.000100151,0.000100208,0.00010018
9.9163e-05,9.8967e-05,9.936e-05,9.9163e-05
9.9233e-05,9.9062e-05,9.9404e-05,9.9233e-05
9.983e-05,9.9287e-05,0.000100374,9.983e-05
9.9516e-05,9.9358e-05,9.9673e-05,9.9516e-05
9.9817e-05,9.9451e-05,0.000100184,9.9817e-05
9.938e-05,9.9236e-05,9.9524e-05,9.938e-05
9.9455e-05,9.9121e-05,9.9789e-05,9.9455e-05
9.9753e-05,9.8972e-05,0.000100534,9.9753e-05
0.000149119,9.8817e-05,0.000199421,0.000149119
9.9187e-05,9.8728e-05,9.9645e-05,9.9187e-05
9.9586e-05,9.9118e-05,0.000100053,9.9586e-05
9.9301e-05,9.8773e-05,9.983e-05,9.9301e-05
0.000100012,9.9203e-05,0.000100821,0.000100012
9.9079e-05,9.8972e-05,9.9187e-05,9.9079e-05
9.9483e-05,9.9334e-05,9.9633e-05,9.9483e-05
9.9406e-05,9.8887e-05,9.9926e-05,9.9406e-05
9.9816e-05,9.9519e-05,0.000100113,9.9816e-05
9.9338e-05,9.8851e-05,9.9825e-05,9.9338e-05
9.9784e-05,9.9519e-05,0.000100049,9.9784e-05
9.9392e-05,9.93e-05,9.9484e-05,9.9392e-05
9.9305e-05,9.8922e-05,9.9688e-05,9.9305e-05
9.9373e-05,9.8895e-05,9.9851e-05,9.9373e-05
9.9876e-05,9.9698e-05,0.000100054,9.9876e-05
0.000100065,9.9077e-05,0.000101053,0.000100065
9.9717e-05,9.9571e-05,9.9862e-05,9.9717e-05
9.9654e-05,9.9136e-05,0.000100172,9.9654e-05
9.9776e-05,9.8782e-05,0.000100769,9.9776e-05
9.939e-05,9.9178e-05,9.9603e-05,9.939e-05
9.9664e-05,9.9041e-05,0.000100287,9.9664e-05
9.9161e-05,9.8966e-05,9.9355e-05,9.9161e-05
9.9824e-05,9.9438e-05,0.00010021,9.9824e-05
9.9513e-05,9.9502e-05,9.9523e-05,9.9513e-05
9.9741e-05,9.9479e-05,0.000100003,9.9741e-05
9.9802e-05,9.9702e-05,9.9901e-05,9.9802e-05
9.9906e-05,9.9842e-05,9.997e-05,9.9906e-05
9.9757e-05,9.8616e-05,0.000100899,9.9757e-05
9.9573e-05,9.9104e-05,0.000100042,9.9573e-05
9.8549e-05,9.8432e-05,9.8665e-05,9.8549e-05
9.9731e-05,9.9645e-05,9.9818e-05,9.9731e-05
0.000100077,9.9604e-05,0.000100549,0.000100077
0.000100364,0.000100016,0.000100713,0.000100364
9.9665e-05,9.9514e-05,9.9817e-05,9.9665e-05
0.00010001,9.9564e-05,0.000100456,0.00010001
9.9688e-05,9.8962e-05,0.000100413,9.9688e-05
0.000101454,9.9633e-05,0.000103275,0.000101454
9.9309e-05,9.9063e-05,9.9555e-05,9.9309e-05
9.957e-05,9.9532e-05,9.9608e-05,9.957e-05
0.000100023,9.911e-05,0.000100937,0.000100023
9.923e-05,9.9131e-05,9.9329e-05,9.923e-05
9.9159e-05,9.876e-05,9.9558e-05,9.9159e-05
9.9952e-05,9.9242e-05,0.000100662,9.9952e-05
9.9455e-05,9.922e-05,9.969e-05,9.9455e-05
9.9664e-05,9.931e-05,0.000100018,9.9664e-05
9.9642e-05,9.956e-05,9.9723e-05,9.9642e-05
9.9983e-05,9.9976e-05,9.999e-05,9.9983e-05
9.9271e-05,9.9113e-05,9.943e-05,9.9271e-05
9.9326e-05,9.8974e-05,9.9678e-05,9.9326e-05
9.9469e-05,9.9289e-05,9.9649e-05,9.9469e-05
9.8946e-05,9.8705e-05,9.9187e-05,9.8946e-05
9.967e-05,9.9393e-05,9.9948e-05,9.967e-05
0.000100586,9.9874e-05,0.000101298,0.000100586
9.9205e-05,9.8632e-05,9.9779e-05,9.9205e-05
9.9618e-05,9.9467e-05,9.9769e-05,9.9618e-05
0.000305038,0.000267754,0.000342321,0.000305038
0.00024116,0.000228948,0.000253372,0.00024116
0.000264461,0.000249818,0.000279105,0.000264461
0.000224986,0.000211525,0.000238446,0.000224986
0.000275711,0.000263444,0.000287978,0.000275711
0.000219677,0.00018651,0.000252844,0.000219677
0.0002438,0.000229682,0.000257917,0.0002438
0.000256383,0.0002453,0.000267467,0.000256383
0.000218066,0.000173171,0.000262961,0.000218066
0.000175683,0.000163509,0.000187857,0.000175683
0.000181165,0.000157268,0.000205061,0.000181165
0.000179601,0.000168157,0.000191045,0.000179601
0.000191253,0.000154024,0.000228482,0.000191253
0.000224511,0.000201741,0.000247281,0.000224511
0.000173328,0.000159952,0.000186705,0.000173328
0.000123462,0.000122819,0.000124105,0.000123462
0.000120576,0.000118043,0.000123109,0.000120576
0.000122771,0.000113803,0.000131739,0.000122771
0.000106492,0.000101331,0.000111654,0.000106492
0.000102668,0.000101587,0.000103748,0.000102668
0.000102559,0.000101358,0.00010376,0.000102559
0.000101815,0.000101113,0.000102517,0.000101815
0.000100712,0.000100524,0.000100899,0.000100712
0.000100614,9.9625e-05,0.000101602,0.000100614
9.9908e-05,9.9901e-05,9.9916e-05,9.9908e-05
9.9869e-05,9.9094e-05,0.000100644,9.9869e-05
0.000100113,9.9973e-05,0.000100253,0.000100113
0.000100296,9.9842e-05,0.00010075,0.000100296
0.000100201,9.9885e-05,0.000100517,0.000100201
0.000100785,0.000100393,0.000101177,0.000100785
9.9752e-05,9.975e-05,9.9754e-05,9.9752e-05
9.9734e-05,9.9206e-05,0.000100262,9.9734e-05
9.9471e-05,9.932e-05,9.9622e-05,9.9471e-05
0.000100072,0.000100058,0.000100087,0.000100072
9.9413e-05,9.8912e-05,9.9914e-05,9.9413e-05
9.911e-05,9.896e-05,9.9259e-05,9.911e-05
9.9743e-05,9.9001e-05,0.000100485,9.9743e-05
9.9948e-05,9.9501e-05,0.000100394,9.9948e-05
9.9478e-05,9.894e-05,0.000100016,9.9478e-05
9.9453e-05,9.9299e-05,9.9608e-05,9.9453e-05
9.9335e-05,9.9302e-05,9.9368e-05,9.9335e-05
9.969e-05,9.9266e-05,0.000100115,9.969e-05
9.9822e-05,9.9709e-05,9.9936e-05,9.9822e-05
9.9338e-05,9.9278e-05,9.9399e-05,9.9338e-05
9.9357e-05,9.9282e-05,9.9433e-05,9.9357e-05
0.000100018,9.9192e-05,0.000100844,0.000100018
9.9322e-05,9.9065e-05,9.9578e-05,9.9322e-05
9.9985e-05,9.9651e-05,0.000100319,9.9985e-05
9.9091e-05,9.9081e-05,9.9101e-05,9.9091e-05
9.9899e-05,9.9225e-05,0.000100573,9.9899e-05
9.9657e-05,9.9122e-05,0.000100192,9.9657e-05
9.9571e-05,9.8981e-05,0.000100162,9.9571e-05
9.9457e-05,9.944e-05,9.9474e-05,9.9457e-05
9.9315e-05,9.9149e-05,9.948e-05,9.9315e-05
9.9712e-05,9.8939e-05,0.000100486,9.9712e-05
9.9413e-05,9.8991e-05,9.9835e-05,9.9413e-05
9.9778e-05,9.9442e-05,0.000100114,9.9778e-05
9.9931e-05,9.9757e-05,0.000100105,9.9931e-05
9.9658e-05,9.9621e-05,9.9695e-05,9.9658e-05
0.000100155,0.000100128,0.000100181,0.000100155
9.974e-05,9.9568e-05,9.9911e-05,9.974e-05
9.9976e-05,9.9864e-05,0.000100089,9.9976e-05
9.9604e-05,9.9428e-05,9.978e-05,9.9604e-05
9.9675e-05,9.9571e-05,9.9779e-05,9.9675e-05
9.9476e-05,9.9168e-05,9.9784e-05,9.9476e-05
9.9598e-05,9.9484e-05,9.9711e-05,9.9598e-05
9.9664e-05,9.9291e-05,0.000100037,9.9664e-05
0.000100042,9.9959e-05,0.000100124,0.000100042
9.9745e-05,9.9311e-05,0.000100179,9.9745e-05
9.9406e-05,9.9373e-05,9.9439e-05,9.9406e-05
0.000101826,9.9151e-05,0.000104501,0.000101826
0.000102573,9.9819e-05,0.000105327,0.000102573
9.9459e-05,9.9282e-05,9.9637e-05,9.9459e-05
9.9869e-05,9.9268e-05,0.00010047,9.9869e-05
0.000100217,0.000100102,0.000100333,0.000100217
9.9804e-05,9.9305e-05,0.000100303,9.9804e-05
9.9955e-05,9.9651e-05,0.00010026,9.9955e-05
9.9437e-05,9.9008e-05,9.9865e-05,9.9437e-05
9.946e-05,9.9212e-05,9.9707e-05,9.946e-05
9.965e-05,9.9332e-05,9.9968e-05,9.965e-05
0.00010009,9.9265e-05,0.000100916,0.00010009
0.000100127,9.9957e-05,0.000100297,0.000100127
9.9329e-05,9.9019e-05,9.9638e-05,9.9329e-05
9.986e-05,9.9476e-05,0.000100245,9.986e-05
9.9547e-05,9.9077e-05,0.000100017,9.9547e-05
9.9498e-05,9.9262e-05,9.9734e-05,9.9498e-05
0.000100116,9.9945e-05,0.000100287,0.000100116
0.000100208,9.9811e-05,0.000100605,0.000100208
9.9871e-05,9.9765e-05,9.9976e-05,9.9871e-05
0.00010012,9.976e-05,0.00010048,0.00010012
9.9159e-05,9.8934e-05,9.9384e-05,9.9159e-05
9.994e-05,9.9733e-05,0.000100148,9.994e-05
9.9691e-05,9.9362e-05,0.00010002,9.9691e-05
9.9558e-05,9.9096e-05,0.00010002,9.9558e-05
9.9774e-05,9.9248e-05,0.000100299,9.9774e-05
9.9784e-05,9.9334e-05,0.000100233,9.9784e-05
9.9894e-05,9.9384e-05,0.000100404,9.9894e-05
9.9516e-05,9.9104e-05,9.9927e-05,9.9516e-05
0.000100668,0.000100502,0.000100834,0.000100668
9.9931e-05,9.9812e-05,0.00010005,9.9931e-05
0.000280792,0.000210027,0.000351557,0.000280792
0.000254247,0.00022431,0.000284184,0.000254247
0.000281313,0.000262217,0.000300409,0.000281313
0.000282882,0.000281519,0.000284245,0.000282882
0.000318582,0.000310905,0.000326259,0.000318582
0.000405308,0.000283305,0.000527312,0.000405308
0.000396329,0.000386547,0.000406111,0.000396329
0.000273431,0.000252703,0.000294158,0.000273431
0.000353993,0.000352784,0.000355202,0.000353993
0.00046432,0.000353123,0.000575517,0.00046432
0.000422318,0.000397384,0.000447252,0.000422318
0.000522948,0.000451284,0.000594611,0.000522948
0.000455816,0.00041494,0.000496692,0.000455816
0.000475504,0.00037935,0.000571657,0.000475504
0.000505317,0.000360419,0.000650216,0.000505317
0.000352548,0.000284348,0.000420748,0.000352548
0.000516379,0.000346554,0.000686205,0.000516379
0.000445889,0.000293427,0.000598352,0.000445889
0.000417667,0.000409045,0.000426289,0.000417667
0.000272249,0.000191353,0.000353146,0.000272249
0.000204022,0.000177696,0.000230348,0.000204022
0.000324205,0.000227209,0.000421201,0.000324205
0.000438982,0.000438908,0.000439057,0.000438982
0.000301989,0.00029587,0.000308107,0.000301989
0.000333132,0.00023313,0.000433135,0.000333132
0.000254577,0.000221791,0.000287363,0.000254577
0.000269068,0.000243605,0.000294532,0.000269068
0.000320643,0.000257312,0.000383974,0.000320643
0.000404142,0.000323626,0.000484657,0.000404142
0.000460651,0.000435779,0.000485524,0.000460651
0.000558731,0.00054595,0.000571512,0.000558731
0.00053465,0.00041282,0.00065648,0.00053465
0.000349939,0.000321536,0.000378342,0.000349939
0.000226347,0.000220631,0.000232062,0.000226347
0.000299943,0.000280208,0.000319678,0.000299943
0.000261419,0.000209571,0.000313267,0.000261419
0.000230237,0.000172434,0.00028804,0.000230237
0.000264326,0.000248601,0.000280051,0.000264326
0.000311691,0.000271458,0.000351924,0.000311691
0.000409111,0.000306828,0.000511394,0.000409111
0.000327238,0.00028838,0.000366096,0.000327238
0.00040138,0.000387031,0.00041573,0.00040138
0.000322143,0.0002048,0.000439485,0.000322143
0.000271129,0.000200173,0.000342084,0.000271129
0.000243167,0.00023332,0.000253013,0.000243167
0.000320602,0.000250099,0.000391105,0.000320602
0.000341726,0.00027531,0.000408142,0.000341726
0.000266378,0.000159559,0.000373198,0.000266378
0.000214179,0.000143374,0.000284984,0.000214179
0.000144236,0.000139883,0.000148589,0.000144236
0.000178567,0.000141093,0.000216041,0.000178567
0.000172656,0.000165061,0.00018025,0.000172656
0.000214962,0.000178799,0.000251125,0.000214962
0.000272321,0.000184154,0.000360488,0.000272321
0.000222039,0.000220858,0.000223221,0.000222039
0.000294834,0.00026447,0.000325198,0.000294834
0.000460999,0.000391016,0.000530983,0.000460999
0.000478936,0.000460371,0.000497502,0.000478936
0.000612425,0.000582255,0.000642596,0.000612425
0.000542465,0.000514012,0.000570917,0.000542465
0.000529002,0.000434449,0.000623556,0.000529002
0.000434077,0.000396137,0.000472017,0.000434077
0.000470697,0.000462039,0.000479356,0.000470697
0.000276907,0.000252746,0.000301068,0.000276907
0.000274729,0.000250183,0.000299275,0.000274729
0.000302766,0.000277368,0.000328164,0.000302766
0.000208553,0.000198024,0.000219082,0.000208553
0.000245497,0.000211979,0.000279016,0.000245497
0.000242656,0.000238067,0.000247244,0.000242656
0.000268388,0.000254808,0.000281967,0.000268388
0.000235109,0.000227309,0.000242909,0.000235109
0.000319616,0.000291851,0.000347381,0.000319616
0.003259381,0.000235405,0.006283358,0.003259381
0.000239127,0.000223235,0.00025502,0.000239127
0.000281157,0.000269884,0.000292431,0.000281157
0.001381545,0.000245384,0.002517705,0.001381545
0.000299278,0.000289364,0.000309191,0.000299278
0.000285903,0.000274947,0.000296859,0.000285903
0.000395165,0.000292307,0.000498023,0.000395165
0.000334539,0.000265651,0.000403428,0.000334539
0.000351094,0.000334126,0.000368062,0.000351094
0.000306233,0.000304563,0.000307902,0.000306233
0.000313752,0.000214926,0.000412578,0.000313752
0.000336379,0.000312187,0.000360571,0.000336379
0.000361125,0.00020275,0.000519499,0.000361125
0.000385007,0.000371022,0.000398992,0.000385007
0.000328697,0.000241605,0.000415789,0.000328697
0.000312918,0.000258726,0.00036711,0.000312918
0.000265009,0.00019638,0.000333639,0.000265009
0.000223665,0.00019793,0.000249399,0.000223665
0.000200483,0.000141933,0.000259032,0.000200483
0.000275638,0.000238665,0.00031261,0.000275638
0.000178339,0.000164491,0.000192186,0.000178339
0.000187156,0.000186821,0.000187491,0.000187156
0.000133089,0.000101269,0.000164908,0.000133089
0.000112466,0.000101234,0.000123698,0.000112466
0.000154253,0.000118164,0.000190341,0.000154253
0.000183127,0.000152852,0.000213401,0.000183127
0.00010589,9.9683e-05,0.000112097,0.00010589
0.000100737,9.987e-05,0.000101604,0.000100737
0.000104341,0.000101261,0.000107422,0.000104341
0.000101353,0.000101093,0.000101613,0.000101353
0.000296726,0.000197235,0.000396217,0.000296726
0.000116731,0.000114947,0.000118516,0.000116731
0.000240247,0.000218093,0.0002624,0.000240247
0.000169773,0.000160145,0.000179401,0.000169773
0.000286619,0.000243363,0.000329874,0.000286619
0.000421288,0.000381467,0.000461109,0.000421288
0.000475733,0.000426801,0.000524665,0.000475733
0.000532057,0.000509512,0.000554601,0.000532057
0.000375556,0.000361223,0.000389889,0.000375556
0.000378601,0.000345153,0.000412048,0.000378601
0.000378544,0.000351092,0.000405995,0.000378544
0.000333802,0.00029638,0.000371225,0.000333802
0.000390299,0.000347308,0.000433289,0.000390299
0.000395538,0.000332686,0.00045839,0.000395538
0.000336822,0.000283877,0.000389767,0.000336822
0.000339116,0.000269284,0.000408948,0.000339116
0.000340373,0.000338916,0.00034183,0.000340373
0.000483882,0.00042796,0.000539803,0.000483882
0.000546583,0.000465556,0.000627609,0.000546583
0.00026796,0.000205533,0.000330387,0.00026796
0.000282437,0.00026071,0.000304164,0.000282437
0.000496104,0.000342535,0.000649673,0.000496104
0.000466022,0.000435679,0.000496364,0.000466022
0.000397155,0.000386662,0.000407648,0.000397155
0.000359609,0.000222051,0.000497166,0.000359609
0.000375789,0.000321326,0.000430252,0.000375789
0.000742457,0.000555194,0.00092972,0.000742457
0.00046242,0.000384854,0.000539987,0.00046242
0.00037944,0.000256197,0.000502684,0.00037944
0.000275626,0.000238685,0.000312566,0.000275626
0.00035788,0.0002838,0.00043196,0.00035788
0.000400065,0.000356017,0.000444112,0.000400065
0.000221828,0.000197432,0.000246223,0.000221828
0.00038551,0.0003834,0.000387619,0.00038551
0.000358113,0.000298424,0.000417803,0.000358113
0.000345531,0.000329592,0.000361469,0.000345531
0.000347733,0.00034765,0.000347815,0.000347733
0.000414237,0.000305959,0.000522514,0.000414237
0.000520983,0.000400784,0.000641182,0.000520983
0.000406911,0.00034598,0.000467843,0.000406911
0.000451443,0.000363472,0.000539415,0.000451443
0.000500891,0.000464551,0.000537232,0.000500891
0.000437687,0.000420848,0.000454526,0.000437687
0.000426908,0.000238981,0.000614836,0.000426908
0.000531488,0.000432964,0.000630012,0.000531488
0.000559948,0.0005542,0.000565696,0.000559948
0.000540647,0.000410895,0.0006704,0.000540647
0.000662457,0.000599863,0.000725052,0.000662457
0.00049431,0.000464348,0.000524271,0.00049431
0.000318331,0.000280173,0.000356488,0.000318331
0.001234421,0.000314835,0.002154007,0.001234421
0.000648964,0.000629435,0.000668493,0.000648964
0.00035847,0.000275207,0.000441733,0.00035847
0.000412207,0.000397451,0.000426962,0.000412207
0.000259202,0.000197402,0.000321003,0.000259202
0.000336129,0.000301672,0.000370587,0.000336129
0.000618163,0.000536084,0.000700242,0.000618163
0.000422484,0.000417275,0.000427693,0.000422484
0.000369675,0.000304694,0.000434657,0.000369675
0.000536949,0.000454532,0.000619365,0.000536949
0.000398493,0.000298009,0.000498978,0.000398493
0.000665699,0.000614212,0.000717186,0.000665699
0.000395988,0.000329168,0.000462809,0.000395988
0.00040775,0.000385231,0.00043027,0.00040775
0.000304797,0.000226705,0.000382889,0.000304797
0.000251974,0.000218975,0.000284973,0.000251974
0.000255075,0.000239694,0.000270456,0.000255075
0.000267648,0.000250034,0.000285261,0.000267648
0.000252009,0.000249365,0.000254652,0.000252009
0.000294765,0.000278002,0.000311527,0.000294765
0.000274217,0.00020361,0.000344823,0.000274217
0.000230702,0.000230315,0.00023109,0.000230702
0.000203188,0.000166977,0.000239398,0.000203188
0.0002507,0.00017693,0.00032447,0.0002507
0.00014809,0.000146759,0.000149422,0.00014809
0.000213454,0.000194342,0.000232565,0.000213454
0.000182741,0.00017822,0.000187262,0.000182741
0.000213787,0.000160749,0.000266825,0.000213787
0.000232325,0.000221785,0.000242865,0.000232325
0.000256339,0.000255889,0.000256788,0.000256339
0.000193163,0.000159925,0.000226401,0.000193163
0.00020613,0.000202935,0.000209326,0.00020613
0.00031,0.000209356,0.000410644,0.00031
0.000226933,0.000220666,0.000233199,0.000226933
0.000291703,0.000270046,0.00031336,0.000291703
0.000226524,0.000224762,0.000228287,0.000226524
0.000221959,0.000186509,0.000257408,0.000221959
0.000435705,0.000395465,0.000475945,0.000435705
0.000314053,0.000277314,0.000350791,0.000314053
0.000247093,0.000210612,0.000283575,0.000247093
0.000304533,0.000296318,0.000312748,0.000304533
0.000294776,0.000282301,0.000307252,0.000294776
0.000450473,0.000287925,0.000613021,0.000450473
0.000250463,0.000223982,0.000276945,0.000250463
0.000316788,0.000294322,0.000339255,0.000316788
0.000328907,0.000323157,0.000334656,0.000328907
0.000269879,0.000229371,0.000310386,0.000269879
0.00035485,0.00035177,0.000357931,0.00035485
0.00026444,0.00021085,0.00031803,0.00026444
0.000302689,0.00029977,0.000305607,0.000302689
0.00031258,0.000295862,0.000329299,0.00031258
0.000219576,0.000216399,0.000222753,0.000219576
0.00030623,0.000302452,0.000310008,0.00030623
0.0004044,0.000350876,0.000457923,0.0004044
0.000376846,0.000376311,0.000377381,0.000376846
0.000423347,0.000421742,0.000424952,0.000423347
0.000247606,0.000216026,0.000279185,0.000247606
0.00015676,0.000102706,0.000210814,0.00015676
0.000109621,0.000107866,0.000111376,0.000109621
0.000290997,0.00012349,0.000458503,0.000290997
0.00012535,0.000114133,0.000136566,0.00012535
0.000108315,0.000100502,0.000116128,0.000108315
0.00011834,0.000102082,0.000134597,0.00011834
0.000105587,9.9546e-05,0.000111628,0.000105587
0.000103342,0.000100724,0.000105961,0.000103342
0.000116923,9.9242e-05,0.000134603,0.000116923
9.9511e-05,9.9329e-05,9.9692e-05,9.9511e-05
0.000100332,9.8875e-05,0.000101788,0.000100332
9.9935e-05,9.9877e-05,9.9994e-05,9.9935e-05
0.000100047,9.9799e-05,0.000100295,0.000100047
0.000100008,9.9603e-05,0.000100413,0.000100008
9.9627e-05,9.9532e-05,9.9722e-05,9.9627e-05
9.9456e-05,9.9004e-05,9.9908e-05,9.9456e-05
9.9453e-05,9.9173e-05,9.9732e-05,9.9453e-05
0.000100446,0.000100393,0.000100499,0.000100446
0.000100623,0.000100382,0.000100863,0.000100623
0.000100183,9.9014e-05,0.000101351,0.000100183
9.9513e-05,9.9123e-05,9.9903e-05,9.9513e-05
9.9775e-05,9.9047e-05,0.000100503,9.9775e-05
9.9657e-05,9.9273e-05,0.000100042,9.9657e-05
9.9584e-05,9.9415e-05,9.9753e-05,9.9584e-05
0.000100721,0.000100156,0.000101286,0.000100721
9.968e-05,9.9665e-05,9.9694e-05,9.968e-05
9.9667e-05,9.9436e-05,9.9898e-05,9.9667e-05
9.9618e-05,9.9435e-05,9.9801e-05,9.9618e-05
9.9557e-05,9.9342e-05,9.9772e-05,9.9557e-05
0.000100733,0.000100704,0.000100763,0.000100733
0.000100225,9.9841e-05,0.000100609,0.000100225
9.897e-05,9.8919e-05,9.9021e-05,9.897e-05
9.9819e-05,9.9344e-05,0.000100295,9.9819e-05
9.9799e-05,9.941e-05,0.000100187,9.9799e-05
0.000175767,0.000100005,0.00025153,0.000175767
9.9914e-05,9.8869e-05,0.000100958,9.9914e-05
9.9827e-05,9.9285e-05,0.000100368,9.9827e-05
0.000100195,9.9525e-05,0.000100865,0.000100195
9.9839e-05,9.9743e-05,9.9935e-05,9.9839e-05
0.000100014,9.9886e-05,0.000100143,0.000100014
9.9596e-05,9.9075e-05,0.000100116,9.9596e-05
9.9436e-05,9.9432e-05,9.9441e-05,9.9436e-05
9.9612e-05,9.9141e-05,0.000100084,9.9612e-05
9.9481e-05,9.9059e-05,9.9903e-05,9.9481e-05
9.9688e-05,9.9601e-05,9.9775e-05,9.9688e-05
9.9425e-05,9.9216e-05,9.9635e-05,9.9425e-05
9.9894e-05,9.9227e-05,0.000100561,9.9894e-05
0.000100271,9.9692e-05,0.000100851,0.000100271
9.9495e-05,9.9306e-05,9.9685e-05,9.9495e-05
0.000100028,9.9986e-05,0.00010007,0.000100028
0.000100559,9.9979e-05,0.000101138,0.000100559
0.000100847,0.000100797,0.000100897,0.000100847
0.000100084,0.000100004,0.000100165,0.000100084
0.000100433,9.982e-05,0.000101046,0.000100433
0.000100241,9.9866e-05,0.000100616,0.000100241
0.000100253,0.000100142,0.000100364,0.000100253
9.9554e-05,9.9541e-05,9.9566e-05,9.9554e-05
0.000100543,0.000100456,0.00010063,0.000100543
0.000100281,0.000100161,0.000100402,0.000100281
9.8998e-05,9.8836e-05,9.9161e-05,9.8998e-05
0.000100088,9.9837e-05,0.000100339,0.000100088
9.9739e-05,9.9502e-05,9.9976e-05,9.9739e-05
9.9479e-05,9.9275e-05,9.9684e-05,9.9479e-05
9.9711e-05,9.8981e-05,0.000100441,9.9711e-05
9.9644e-05,9.9415e-05,9.9873e-05,9.9644e-05
0.000107955,9.9116e-05,0.000116795,0.000107955
0.000211636,0.000129129,0.000294142,0.000211636
0.000100019,9.9738e-05,0.0001003,0.000100019
9.9208e-05,9.8983e-05,9.9434e-05,9.9208e-05
0.000186007,0.000142848,0.000229166,0.000186007
9.9933e-05,9.9622e-05,0.000100243,9.9933e-05
9.9015e-05,9.8888e-05,9.9142e-05,9.9015e-05
9.9598e-05,9.9166e-05,0.00010003,9.9598e-05
9.923e-05,9.9147e-05,9.9313e-05,9.923e-05
9.987e-05,9.9795e-05,9.9944e-05,9.987e-05
9.9421e-05,9.9072e-05,9.977e-05,9.9421e-05
0.000101225,0.000100782,0.000101668,0.000101225
9.9584e-05,9.9443e-05,9.9725e-05,9.9584e-05
0.000100535,0.000100257,0.000100812,0.000100535
9.9646e-05,9.9051e-05,0.000100241,9.9646e-05
9.9112e-05,9.9059e-05,9.9165e-05,9.9112e-05
9.9851e-05,9.8756e-05,0.000100946,9.9851e-05
9.9986e-05,9.9628e-05,0.000100344,9.9986e-05
9.9611e-05,9.9608e-05,9.9614e-05,9.9611e-05
0.000100206,9.9685e-05,0.000100727,0.000100206
9.9897e-05,9.9756e-05,0.000100038,9.9897e-05
9.9894e-05,9.9774e-05,0.000100015,9.9894e-05
0.00010016,9.9848e-05,0.000100473,0.00010016
0.000100076,9.9973e-05,0.000100178,0.000100076
9.9946e-05,9.9488e-05,0.000100403,9.9946e-05
9.9912e-05,9.8783e-05,0.00010104,9.9912e-05
