0_Avg-Duration_s,0_Min-Duration_s,0_Max-Duration_s,0_Median-Duration_s,0_MainRank-Duration_s
0.137804314,0.107926898,0.155618341,0.143836008,0.107926898
0.5888739,0.540688376,0.636250828,0.589278199,0.574483941
0.354298117,0.292799595,0.3874182,0.368487336,0.292799595
0.143710659,0.104152961,0.167854867,0.151417405,0.104152961
0.196545344,0.153050587,0.223225684,0.204952552,0.153050587
0.822761624,0.695718256,0.941262534,0.827032852,0.851155761
0.152556644,0.086835564,0.184736015,0.169327499,0.086835564
0.164748695,0.107597775,0.201210933,0.175093035,0.107597775
0.602898219,0.548765272,0.637940372,0.612443617,0.548765272
0.341990878,0.283372344,0.37194965,0.356320758,0.283372344
0.150053013,0.132695819,0.157360522,0.155077855,0.132695819
0.479405865,0.347609877,0.582337454,0.493838064,0.347609877
0.500761824,0.461260473,0.522252847,0.509766988,0.461260473
0.158090015,0.112445932,0.173680057,0.173117036,0.112445932
0.14573309,0.119059376,0.160310063,0.15178146,0.119059376
0.557740664,0.46099155,0.65068438,0.559643364,0.46099155
0.200181483,0.162230176,0.221233098,0.208631329,0.162230176
0.137145495,0.093230706,0.152318576,0.151516348,0.093230706
0.167357927,0.110967709,0.192366335,0.183048832,0.110967709
0.584720629,0.518789233,0.644105163,0.58799406,0.593894431
0.305050244,0.244947509,0.326093145,0.32458016,0.244947509
0.148110694,0.085548221,0.169920837,0.16848686,0.085548221
0.209972913,0.15835675,0.248466308,0.216534298,0.15835675
0.77632186,0.717251848,0.805360496,0.791337548,0.717251848
0.156942854,0.094208527,0.185933159,0.173814865,0.094208527
0.15823303,0.134436306,0.177762261,0.160366776,0.134436306
0.747908113,0.708443054,0.798778289,0.742205555,0.708443054
0.17386156,0.112962359,0.203253149,0.189615366,0.112962359
0.155929938,0.112273701,0.171684264,0.169880894,0.112273701
0.64828118,0.427867721,0.884143572,0.640556714,0.805758369
0.175210316,0.113373111,0.203095827,0.192186162,0.113373111
0.160161925,0.127330627,0.175780112,0.16876848,0.127330627
0.145662281,0.126253207,0.156585962,0.149904977,0.126253207
0.625796274,0.611865757,0.645592363,0.622863488,0.614100958
0.206536106,0.145825117,0.231639487,0.22433991,0.145825117
0.153296348,0.12750001,0.167992621,0.158846379,0.12750001
0.145999194,0.108855497,0.161191803,0.156974737,0.108855497
0.841914093,0.726627926,0.97412063,0.833453908,0.913890209
0.162105344,0.120680452,0.181824496,0.172958214,0.120680452
0.17358092,0.153278319,0.186869508,0.177087927,0.153278319
0.811468029,0.713871568,0.950838112,0.790581218,0.865159967
0.148408012,0.085334319,0.17377116,0.167263284,0.085334319
0.713899175,0.647062298,0.799557919,0.704488241,0.740388554
0.389224317,0.324759895,0.418834062,0.406651655,0.324759895
0.15175371,0.116058375,0.165984206,0.162486129,0.116058375
0.231918666,0.173848797,0.281136098,0.236344885,0.173848797
0.745719251,0.713864965,0.80865853,0.730176755,0.744986887
0.177658094,0.131274684,0.201611607,0.188873043,0.131274684
0.525998578,0.424159492,0.630973079,0.524430871,0.594015674
0.447209254,0.373022499,0.473370127,0.471222194,0.373022499
0.154521267,0.126658709,0.167081131,0.162172615,0.126658709
0.315700661,0.229143713,0.41110154,0.311278695,0.378120178
0.615606594,0.570654217,0.631607429,0.630082365,0.570654217
0.150901312,0.091465738,0.178154988,0.166992261,0.091465738
0.142899283,0.095504478,0.169590905,0.153250875,0.095504478
0.881985912,0.83308445,0.949602153,0.872628523,0.910793486
0.144870709,0.104308632,0.165129345,0.15502243,0.104308632
0.149962552,0.10308717,0.172012126,0.162375455,0.10308717
0.821520952,0.723581171,0.895767783,0.833367428,0.833926831
0.170998892,0.105382582,0.196230125,0.19119143,0.105382582
0.155010768,0.104687306,0.178224418,0.168565674,0.104687306
0.589025733,0.523853616,0.663165588,0.584541865,0.602862238
0.444702274,0.383529951,0.473788354,0.460745395,0.383529951
0.154209194,0.137971659,0.170176302,0.154344408,0.137971659
0.476338365,0.403107191,0.524478551,0.48888386,0.403107191
0.631665645,0.591810272,0.655909462,0.639471423,0.591810272
0.314098872,0.216160013,0.435687258,0.302274109,0.353606731
0.823831316,0.7392319,0.938398403,0.808847481,0.875590535
0.165910966,0.101301313,0.192902952,0.184719799,0.101301313
0.87257156,0.725693957,0.992144203,0.886224039,0.923642381
0.175088396,0.113426351,0.203398169,0.191764531,0.113426351
0.15079303,0.075951316,0.178875717,0.174172544,0.075951316
0.873789597,0.766979195,0.981796509,0.873191342,0.891637592
0.172624065,0.114049736,0.203859727,0.186293399,0.114049736
0.146445854,0.071492063,0.177364948,0.168463202,0.071492063
0.740621911,0.611332345,0.878120316,0.736517492,0.849524882
0.201699782,0.161029221,0.220601743,0.212584082,0.161029221
0.378613313,0.248756103,0.500186007,0.382755571,0.248756103
0.879442701,0.817830435,0.904163983,0.897888193,0.817830435
0.154273842,0.106289472,0.176130461,0.167337717,0.106289472
0.594041556,0.562827004,0.653091395,0.580123912,0.59470371
0.548480515,0.485834214,0.575082317,0.566502765,0.485834214
0.16496262,0.110408811,0.19784522,0.175798223,0.110408811
0.722643021,0.70213574,0.781986263,0.703225041,0.703514426
0.301671586,0.261010342,0.32115403,0.312260986,0.261010342
0.145303611,0.089800881,0.169451523,0.160981019,0.089800881
0.821760952,0.738407722,0.932122402,0.808256841,0.876982008
0.161379275,0.09791181,0.187199446,0.180202922,0.09791181
0.147483222,0.084917854,0.175527452,0.164743791,0.084917854
0.14287777,0.100156891,0.162021854,0.154666166,0.100156891
0.58378693,0.528779096,0.662874464,0.571747079,0.559875841
0.207887563,0.145053597,0.233213232,0.226641711,0.145053597
0.157670948,0.106197451,0.177488195,0.173499073,0.106197451
0.137596921,0.103531004,0.150519252,0.148168714,0.103531004
0.563965799,0.422770332,0.670265633,0.581413616,0.422770332
0.153763117,0.119426948,0.171169646,0.162227936,0.119426948
0.147753924,0.086181105,0.175943848,0.164445371,0.086181105
0.129248761,0.10699728,0.139924853,0.135036455,0.10699728
0.804509655,0.761652356,0.874074646,0.791155808,0.815903026
0.167550716,0.102928808,0.195422164,0.185925946,0.102928808
0.147520161,0.130219264,0.154608259,0.15262656,0.130219264
0.303682026,0.167798346,0.42433893,0.311295415,0.199720907
0.522235071,0.474786487,0.541824188,0.536164803,0.474786487
0.149958083,0.127975423,0.166470893,0.152693009,0.127975423
0.143227971,0.117816083,0.16167315,0.146711326,0.117816083
0.735686506,0.57852726,0.9145436,0.724837581,0.869185463
0.175139071,0.132655497,0.196213245,0.185843771,0.132655497
0.162899573,0.137984619,0.179358411,0.16712763,0.137984619
0.133988767,0.110193869,0.147485994,0.139137603,0.110193869
0.500195174,0.479393531,0.525061757,0.498162704,0.479393531
0.386439949,0.327489127,0.411665502,0.403302583,0.327489127
0.149851654,0.131565927,0.158953245,0.154443723,0.131565927
0.129803551,0.109786025,0.136855037,0.13628657,0.109786025
0.753402362,0.667013779,0.835475618,0.755560026,0.816897387
0.164609049,0.088016492,0.195149621,0.187635042,0.088016492
0.144348407,0.103911598,0.161541178,0.155970427,0.103911598
0.164034094,0.09484757,0.189862946,0.185712931,0.09484757
0.51955284,0.475508039,0.570918672,0.515892326,0.527645059
0.392926985,0.328920711,0.428947986,0.406919621,0.328920711
0.176390024,0.116128299,0.203500901,0.192965448,0.116128299
0.614652976,0.445465712,0.739662825,0.636741684,0.445465712
0.710888485,0.676756698,0.766061941,0.70036765,0.712655243
0.611308148,0.481780694,0.697114758,0.633168571,0.481780694
0.781270118,0.746614994,0.806261141,0.78610217,0.746614994
0.755335326,0.535588488,0.896745083,0.794503866,0.535588488
0.721575563,0.642639325,0.786838201,0.728412363,0.670239033
0.43981802,0.382224039,0.491476833,0.442785603,0.382224039
0.637972027,0.477687758,0.746478945,0.663860703,0.686562011
0.578455887,0.40503997,0.729865674,0.589458951,0.40503997
0.667337406,0.46025403,0.795262309,0.706916643,0.737244462
0.612149347,0.400034922,0.786496507,0.63103298,0.400034922
0.732522718,0.681421497,0.773300498,0.737684438,0.715551132
0.153695597,0.10408988,0.17598633,0.167353088,0.10408988
0.598267424,0.50609696,0.688894591,0.599039072,0.635051951
0.471751172,0.419232778,0.492708252,0.487531829,0.419232778
0.146989595,0.105986708,0.162757114,0.159607279,0.105986708
0.636605793,0.626471325,0.665718392,0.627116728,0.627253945
0.513908524,0.44631006,0.537851692,0.535736172,0.44631006
0.139477817,0.09380957,0.156366644,0.153867527,0.09380957
0.748436621,0.696211144,0.839362249,0.729086544,0.751144438
0.2607489,0.232208033,0.284169896,0.263308836,0.232208033
0.123676777,0.085711592,0.140385169,0.134305173,0.085711592
0.755785469,0.698943788,0.804023743,0.760087173,0.749795125
0.337163183,0.284146567,0.363954654,0.350275755,0.284146567
0.140899077,0.109755515,0.157998113,0.14792134,0.109755515
0.159725111,0.127072092,0.184304489,0.163761932,0.127072092
0.770724627,0.712576644,0.798783704,0.78576908,0.712576644
0.166738097,0.103943778,0.19316846,0.184920076,0.103943778
0.140882448,0.11847872,0.156694754,0.144178158,0.11847872
0.867331182,0.799694349,0.907343719,0.88114333,0.799694349
0.145876725,0.114628372,0.161159654,0.153859437,0.114628372
0.157755165,0.1153929,0.177141539,0.169243111,0.1153929
0.14454934,0.092112015,0.170682863,0.157701241,0.092112015
0.316939956,0.178096127,0.443145576,0.32325906,0.178096127
0.678664498,0.649896214,0.701786782,0.681487498,0.649896214
0.141225035,0.119327717,0.159601318,0.142985552,0.119327717
0.351959953,0.217465163,0.474002965,0.358185842,0.417508741
0.645866109,0.539300502,0.711675984,0.666243976,0.539300502
0.12895815,0.107693434,0.140997568,0.133570799,0.107693434
0.137383856,0.111190549,0.149427071,0.144458902,0.111190549
0.653707436,0.528107241,0.778276745,0.654222879,0.722999954
0.240963719,0.193304384,0.263677829,0.253436332,0.193304384
0.13736809,0.111438912,0.148048484,0.144992482,0.111438912
0.132257082,0.100731137,0.149535153,0.139381019,0.100731137
0.500427814,0.472121425,0.557224343,0.486182744,0.497100723
0.626409032,0.57916631,0.644996422,0.640736699,0.57916631
0.200069488,0.142202619,0.227236204,0.215419564,0.142202619
0.579240545,0.554118056,0.616428645,0.573207739,0.554118056
0.305912783,0.273067119,0.317941672,0.316321171,0.273067119
0.895420686,0.819922196,0.965555338,0.898102606,0.830749021
0.292899838,0.255411259,0.307038482,0.304574806,0.255411259
0.286845572,0.189708595,0.398542946,0.279565374,0.348074177
0.693806719,0.558163475,0.784133093,0.716465153,0.558163475
0.146822454,0.128073464,0.155998236,0.151609057,0.128073464
0.174814868,0.158162144,0.199320108,0.170888609,0.158162144
0.698814344,0.62152456,0.737997736,0.717867541,0.62152456
0.344193092,0.292600308,0.36189717,0.361137446,0.292600308
0.17154379,0.121812043,0.209636223,0.177363447,0.121812043
0.913357714,0.71330506,1.074659785,0.932733005,0.71330506
0.149260783,0.113706224,0.170630884,0.156353013,0.113706224
0.616747044,0.51861163,0.700950714,0.623712917,0.51861163
0.61217812,0.569536706,0.635523048,0.621826362,0.569536706
0.53787872,0.349730279,0.680615378,0.560584611,0.445185979
0.624346794,0.540981649,0.714772074,0.620816727,0.686590421
0.865276843,0.678475822,0.982219677,0.900205936,0.678475822
0.777616378,0.646509955,0.927283638,0.76833596,0.859969614
0.465489716,0.42050523,0.485412454,0.47802059,0.42050523
0.621625617,0.582517593,0.66040827,0.621788303,0.582517593
0.731915151,0.593269506,0.858444852,0.737973124,0.593269506
0.71465534,0.678062308,0.737809302,0.721374875,0.678062308
0.1594733,0.10509235,0.187710284,0.172545284,0.10509235
0.775727809,0.683198096,0.849140989,0.785286076,0.831660519
0.164845692,0.141904827,0.180511278,0.168483331,0.141904827
0.145884447,0.130491556,0.152816976,0.150114627,0.130491556
0.725941257,0.603367161,0.851470188,0.72446384,0.794743421
0.253794573,0.219592142,0.276504598,0.259540776,0.219592142
0.148732591,0.120288027,0.166284808,0.154178766,0.120288027
0.15411873,0.118601261,0.185939199,0.15596723,0.118601261
0.664070905,0.571129281,0.71294308,0.68610563,0.571129281
0.170790172,0.133687458,0.194317722,0.177577755,0.133687458
0.159387837,0.096233854,0.186677119,0.177320187,0.096233854
0.500334841,0.459439924,0.550018536,0.495940451,0.51332556
0.476026555,0.413053528,0.507824531,0.49161408,0.413053528
0.148612911,0.104056699,0.168012533,0.161191205,0.104056699
0.408456517,0.249906543,0.54300308,0.420458223,0.484389779
0.407690343,0.336578786,0.436641182,0.428770702,0.336578786
0.162064763,0.11542839,0.185626057,0.173602302,0.11542839
0.429512077,0.220747931,0.559700865,0.468799756,0.220747931
0.434245071,0.393140314,0.45172926,0.446055355,0.393140314
0.14758224,0.086287907,0.179403012,0.16231902,0.086287907
0.146354469,0.128045203,0.155360935,0.151005868,0.128045203
0.87977695,0.652859974,1.104418041,0.880914893,0.652859974
0.187768615,0.128846131,0.211854822,0.205186753,0.128846131
0.151024379,0.09587251,0.18086136,0.163681823,0.09587251
0.177120622,0.148533682,0.189941783,0.185003512,0.148533682
0.812231288,0.767004231,0.829292912,0.826314005,0.767004231
0.168980761,0.10523036,0.196208405,0.18724214,0.10523036
0.142743894,0.099022521,0.166757348,0.152597855,0.099022521
0.393358445,0.197682257,0.552727864,0.41151183,0.271373612
0.360046581,0.323174525,0.38126172,0.36787504,0.323174525
0.153701307,0.10516856,0.174911164,0.167362753,0.10516856
0.141485918,0.10101897,0.162179746,0.151372478,0.10101897
0.554715999,0.514866686,0.574185116,0.564906097,0.514866686
0.261589773,0.221420377,0.280164413,0.27238715,0.221420377
0.152271037,0.107123749,0.175957559,0.16300142,0.107123749
0.13564665,0.090417757,0.151464349,0.150352247,0.090417757
0.625754582,0.581540873,0.67087806,0.625299697,0.581540873
0.258593868,0.197738488,0.283382554,0.276627214,0.197738488
0.153268704,0.109338482,0.178436111,0.162650111,0.109338482
0.149700779,0.086487699,0.177404378,0.167455519,0.086487699
0.788447931,0.772592986,0.830640685,0.775279027,0.772592986
0.161857125,0.093447116,0.19356662,0.180207381,0.093447116
0.13859929,0.106930178,0.158803792,0.144331596,0.106930178
0.479550812,0.385253358,0.55553172,0.488709086,0.477059138
0.466094254,0.405899138,0.496685375,0.480896251,0.405899138
0.15741294,0.10510389,0.185806417,0.169370726,0.10510389
0.223192325,0.194936509,0.266436463,0.215698165,0.223078926
0.768393145,0.675139124,0.910056782,0.744188338,0.811506934
0.166704677,0.128579578,0.182105529,0.1780668,0.128579578
0.808952637,0.770975822,0.85050114,0.807166793,0.778764346
0.176679062,0.117056806,0.205741293,0.191959075,0.117056806
0.143165258,0.118271837,0.159217948,0.147585623,0.118271837
0.622504539,0.273979368,0.904079611,0.655979589,0.273979368
0.150746866,0.103035509,0.171135902,0.164408027,0.103035509
0.143840891,0.082014055,0.166594704,0.163377403,0.082014055
0.136386143,0.095356336,0.155877473,0.147155382,0.095356336
0.749510182,0.66249946,0.864323468,0.7356089,0.80399075
0.167785338,0.095252674,0.193631511,0.191128583,0.095252674
0.156801258,0.113602781,0.178246936,0.167677659,0.113602781
0.143255993,0.11740173,0.157601306,0.149010468,0.11740173
0.754717742,0.660543104,0.868125376,0.745101243,0.808568305
0.343039869,0.288018535,0.372161767,0.355989586,0.288018535
0.469224745,0.352530131,0.583109083,0.470629884,0.352530131
0.615942729,0.553659211,0.64226239,0.633924657,0.553659211
0.163878782,0.104759527,0.187307732,0.181723934,0.104759527
0.121587292,0.083898884,0.139894486,0.1312779,0.083898884
0.977860995,0.926900154,1.002340618,0.991101604,0.926900154
0.152302876,0.106170801,0.170544215,0.166248245,0.106170801
0.410165928,0.214959746,0.550775442,0.437464262,0.214959746
0.467575331,0.431668888,0.492101491,0.473265472,0.431668888
0.142722576,0.079903405,0.169075908,0.160955495,0.079903405
0.156772485,0.109554632,0.176419774,0.170557767,0.109554632
0.782286135,0.753796255,0.815726988,0.779810649,0.753796255
0.174405787,0.115558272,0.205317886,0.188373495,0.115558272
0.162189903,0.113072996,0.184792694,0.175446961,0.113072996
0.206445895,0.172958987,0.234492669,0.209165962,0.172958987
0.69849838,0.661369197,0.714340109,0.709142106,0.661369197
0.16426812,0.137615365,0.182195661,0.168630728,0.137615365
0.136629105,0.110000707,0.149738139,0.143388786,0.110000707
0.534463573,0.454876655,0.63447548,0.524251078,0.574272913
0.298295172,0.237400064,0.328012534,0.313884045,0.237400064
0.155868871,0.116033105,0.177674715,0.164883832,0.116033105
0.175434836,0.119063415,0.201612314,0.190531808,0.119063415
0.790441711,0.734973271,0.816173172,0.8053102,0.734973271
0.151669845,0.11956479,0.172485424,0.157314583,0.11956479
0.152955429,0.119371497,0.173520825,0.159464697,0.119371497
0.646101803,0.603470945,0.663553264,0.658691501,0.603470945
0.287328138,0.224414647,0.320914005,0.301991951,0.224414647
0.141081028,0.081554171,0.16163521,0.160567366,0.081554171
0.164573501,0.117159307,0.189910645,0.175612027,0.117159307
0.70643997,0.656324959,0.727073543,0.72118069,0.656324959
0.17759149,0.141998168,0.191025687,0.188671051,0.141998168
0.154827064,0.106582794,0.176306944,0.168209258,0.106582794
0.134728115,0.108781115,0.148695329,0.140718008,0.108781115
0.790349706,0.566068148,1.005668385,0.794831145,0.584812843
0.151347073,0.131110562,0.173574015,0.150351858,0.131110562
0.156745044,0.118686661,0.17752759,0.165382962,0.118686661
0.190990454,0.126706489,0.23525415,0.201000588,0.126706489
0.782349454,0.706739332,0.847876409,0.787391039,0.795227326
0.157361409,0.094757839,0.183788473,0.175449662,0.094757839
0.157716543,0.114060846,0.176058142,0.170373592,0.114060846
0.720318495,0.608577866,0.8565874,0.708054357,0.80486998
0.304022879,0.243371701,0.334411768,0.319154024,0.243371701
0.144871502,0.098513687,0.168029884,0.156471218,0.098513687
0.548577009,0.46891865,0.626842812,0.549273287,0.46891865
0.32864104,0.291153484,0.349304283,0.337053196,0.291153484
0.161560482,0.112217359,0.183313735,0.175355416,0.112217359
0.575586425,0.530137444,0.626061173,0.573073542,0.585269218
0.440152353,0.38554574,0.475929207,0.449567233,0.38554574
0.163459959,0.096055083,0.189400862,0.184191945,0.096055083
0.157742291,0.112499972,0.17586161,0.17130379,0.112499972
0.162784184,0.113220808,0.184344095,0.176785916,0.113220808
0.526008326,0.425348956,0.617376114,0.530654117,0.425348956
0.155178496,0.087943984,0.190272131,0.171248934,0.087943984
0.14007936,0.071068939,0.164332112,0.162458194,0.071068939
0.160179714,0.084726242,0.186167582,0.184912516,0.084726242
0.609374803,0.44599756,0.707342593,0.642079529,0.673588834
0.156828175,0.095775009,0.186322413,0.172607639,0.095775009
0.155667736,0.127273145,0.167611698,0.163893051,0.127273145
0.134633828,0.108671064,0.149742249,0.140061,0.108671064
0.624445137,0.58036002,0.689342679,0.614038924,0.642669025
0.27490528,0.205691656,0.309298729,0.292315369,0.205691656
0.14464662,0.10502703,0.167901912,0.152828769,0.10502703
0.14499071,0.091172315,0.173097231,0.157846648,0.091172315
0.898718042,0.826621549,1.007451764,0.880399428,0.901795729
0.174726123,0.086742521,0.214165773,0.198998098,0.086742521
0.522209797,0.467594447,0.543956476,0.538644133,0.467594447
0.743384288,0.600578347,0.808621022,0.782168892,0.600578347
0.736975146,0.625890469,0.81509524,0.753457438,0.746568853
0.616445937,0.557350537,0.637115348,0.635658931,0.557350537
0.713070742,0.44735429,0.978868201,0.713030239,0.44735429
0.322715924,0.284412009,0.338702242,0.333874722,0.284412009
0.153236151,0.120900932,0.167465164,0.162289254,0.120900932
0.666117802,0.51032755,0.740060482,0.707041588,0.676182682
0.251454102,0.185239436,0.274496839,0.273040067,0.185239436
0.15581835,0.08552768,0.180393568,0.178676077,0.08552768
0.178782507,0.12260317,0.204746753,0.193890052,0.12260317
0.764943468,0.718765284,0.808076927,0.76646583,0.727606429
0.15808916,0.098124632,0.186805312,0.173713347,0.098124632
0.149570454,0.095562537,0.177141974,0.162788652,0.095562537
0.739138482,0.682303097,0.808112883,0.733068974,0.734446226
0.17700029,0.115339329,0.206805864,0.192927984,0.115339329
0.163354786,0.134316624,0.179893357,0.169604581,0.134316624
0.145206666,0.112729615,0.158973337,0.154561856,0.112729615
0.452821894,0.408276401,0.475312835,0.46384917,0.408276401
0.40931974,0.347713065,0.440949282,0.424308307,0.347713065
0.158360762,0.126911882,0.178533791,0.163998688,0.126911882
0.14717968,0.10508927,0.167838662,0.157895395,0.10508927
0.679366131,0.570655066,0.752743688,0.697032885,0.570655066
0.155269958,0.146691272,0.162448135,0.155970213,0.153792831
0.137715309,0.110018596,0.152310698,0.14426597,0.110018596
0.130356723,0.068741967,0.153852857,0.149416033,0.068741967
0.651288402,0.607456164,0.707419622,0.645138912,0.607456164
0.157832675,0.09889869,0.190384332,0.17102384,0.09889869
0.156202553,0.109082318,0.17766005,0.169033921,0.109082318
0.147954905,0.126064063,0.158763156,0.1534962,0.126064063
0.706511388,0.633837971,0.758582819,0.71681238,0.633837971
0.172075609,0.131826519,0.194487674,0.180994121,0.131826519
0.150608267,0.1051091,0.179308216,0.159007876,0.1051091
0.140235752,0.118115506,0.149994742,0.14641638,0.118115506
0.550054977,0.515890408,0.584150782,0.550089358,0.543972888
0.337120581,0.279255828,0.366911004,0.351157745,0.279255828
0.152115308,0.085780452,0.178065813,0.172307483,0.085780452
0.168255416,0.085419249,0.215244477,0.18617897,0.085419249
0.824307352,0.732123096,0.945107772,0.80999927,0.884903365
0.166500843,0.10306223,0.19337939,0.184780875,0.10306223
0.612532134,0.558021362,0.682155218,0.604975978,0.592048454
0.494741819,0.413232269,0.526265441,0.519734782,0.413232269
0.14977169,0.102723275,0.168070495,0.164146496,0.102723275
0.713827642,0.621774842,0.760651895,0.736441916,0.621774842
0.526006531,0.480708693,0.543927666,0.539694882,0.480708693
0.138267951,0.121982693,0.144681176,0.143203967,0.121982693
0.805623026,0.729137411,0.866246943,0.813553875,0.804584936
0.192822293,0.1328953,0.224998555,0.206697659,0.1328953
0.159022649,0.126925231,0.179646834,0.164759265,0.126925231
0.155019279,0.125979012,0.17079487,0.161651617,0.125979012
0.645890839,0.593570811,0.726014606,0.631988969,0.669645176
0.29470677,0.241933267,0.326718489,0.305087661,0.241933267
0.153643042,0.126170855,0.170624506,0.158888403,0.126170855
0.193451476,0.154269007,0.217156127,0.201190386,0.154269007
0.826415497,0.728929413,0.879158021,0.848787278,0.728929413
0.141006919,0.113269038,0.15288368,0.148937479,0.113269038
0.153763063,0.10313843,0.177787036,0.167063393,0.10313843
0.897961554,0.684465581,1.063840714,0.92176996,0.684465581
0.161020399,0.121373319,0.184820995,0.16894364,0.121373319
0.144735962,0.099235864,0.164272324,0.15771783,0.099235864
0.133796038,0.080823214,0.159367626,0.147496656,0.080823214
0.712360606,0.640640036,0.827439322,0.690681533,0.737435915
0.15724014,0.091871491,0.183535078,0.176776995,0.091871491
0.152253955,0.115997697,0.16878973,0.162114196,0.115997697
0.129160614,0.081184817,0.147204669,0.144126484,0.081184817
0.689434951,0.645734625,0.739788698,0.686108241,0.645734625
0.177236221,0.128163324,0.203099216,0.188841173,0.128163324
0.140265111,0.095338706,0.156068673,0.154826533,0.095338706
0.514269479,0.425058041,0.596286006,0.517866935,0.496287035
0.545238447,0.485747142,0.567242311,0.563982168,0.485747142
0.147112735,0.08551854,0.17689654,0.16301793,0.08551854
0.151355969,0.126310415,0.168964724,0.155074369,0.126310415
0.495229662,0.436746484,0.567655951,0.488258107,0.491094015
0.516300448,0.453949464,0.547392354,0.531929987,0.453949464
0.145736173,0.079474621,0.170415435,0.166527318,0.079474621
0.79542566,0.761319241,0.871228886,0.774577256,0.785229819
0.176757952,0.115070107,0.207925886,0.192017907,0.115070107
0.553600171,0.456991856,0.633260585,0.562074122,0.494414427
0.670744115,0.627253266,0.71850679,0.668608202,0.627253266
0.804228862,0.773262132,0.824503112,0.809575102,0.773262132
0.576866294,0.461909651,0.664354962,0.590600281,0.461909651
0.902857277,0.866879431,0.915011923,0.914768876,0.866879431
0.454625386,0.394270884,0.478021938,0.473104361,0.394270884
0.891954727,0.796290652,1.002879291,0.884324483,0.930167166
0.146740232,0.125318627,0.166992255,0.147325023,0.125318627
1.008226057,0.94806261,1.038330691,1.023255463,0.94806261
0.189743948,0.152781402,0.210612209,0.197791091,0.152781402
0.835797731,0.751580779,0.957330934,0.817139605,0.870583626
0.173468946,0.120959383,0.192526127,0.190195136,0.120959383
0.155143624,0.118253758,0.169425903,0.166447417,0.118253758
0.654118997,0.636374874,0.679203561,0.650448776,0.636374874
0.508709116,0.456719981,0.535922561,0.52109696,0.456719981
0.232691165,0.074422643,0.348733925,0.253804046,0.074422643
0.674583353,0.552047933,0.798886366,0.673699556,0.759936873
0.162058709,0.121163015,0.180404697,0.173333563,0.121163015
0.160715577,0.120950024,0.181856357,0.170027964,0.120950024
0.14101123,0.09386487,0.16239742,0.153891315,0.09386487
0.67504811,0.643225843,0.699833992,0.678566303,0.668196294
0.163351151,0.121264226,0.185717467,0.173211456,0.121264226
0.157388973,0.104549485,0.176314593,0.174345906,0.104549485
0.597340548,0.404237522,0.745774979,0.619674845,0.404237522
0.420938573,0.374783208,0.437558706,0.435706189,0.374783208
0.148113648,0.094144663,0.172024987,0.163142472,0.094144663
0.969701976,0.779688535,1.164658805,0.967230282,1.095517319
0.174657018,0.122570959,0.202061742,0.186997686,0.122570959
0.478432202,0.39891456,0.584719094,0.465047578,0.527005633
0.627638897,0.493074573,0.679535077,0.668972969,0.493074573
0.481815168,0.390776212,0.569768263,0.483358099,0.397107753
0.756767766,0.717623863,0.776022804,0.766712198,0.717623863
0.735587624,0.595046197,0.898261544,0.724521378,0.819614422
0.894107822,0.760309337,0.995385558,0.910368196,0.760309337
0.575162409,0.473688562,0.681325796,0.572817638,0.670187902
0.680403572,0.563596121,0.795106918,0.681455624,0.76588459
0.604410613,0.532172437,0.717474633,0.583997692,0.635020671
0.625167751,0.548203089,0.662051414,0.645208251,0.548203089
0.643058528,0.604035873,0.708995482,0.629601378,0.653335539
0.364023514,0.316917425,0.380184305,0.379496163,0.316917425
0.698225525,0.597606779,0.785158465,0.705068427,0.597606779
0.885235041,0.725523099,1.072194006,0.87161153,1.015217838
0.823445129,0.606330972,1.000780732,0.843334407,0.606330972
0.972404293,0.921922105,0.994337862,0.986678602,0.921922105
0.692810133,0.620230922,0.789958756,0.680525427,0.705894599
0.436654046,0.400087753,0.457748032,0.4443902,0.400087753
0.786092946,0.598905473,0.969183711,0.7881413,0.879546984
0.172338484,0.105742744,0.199742086,0.191934553,0.105742744
0.154812307,0.104615145,0.175745705,0.169444188,0.104615145
0.146844448,0.117891184,0.160728133,0.154379237,0.117891184
0.710688583,0.585500085,0.827370481,0.714941883,0.759777251
0.17511487,0.103569865,0.203891707,0.196498955,0.103569865
0.13919493,0.072099848,0.163935605,0.160372133,0.072099848
0.146297788,0.101260632,0.164111429,0.159909546,0.101260632
0.667207256,0.564691679,0.74967153,0.677232907,0.564691679
0.143501199,0.104681675,0.161414766,0.153954178,0.104681675
0.159756948,0.115592462,0.177685216,0.172875057,0.115592462
0.14458051,0.117358729,0.161993248,0.149485031,0.117358729
0.650250865,0.607761244,0.706662941,0.643289637,0.646757294
0.145794699,0.102616726,0.161889653,0.159336209,0.102616726
0.15894839,0.13700376,0.179024219,0.159882791,0.13700376
0.131750348,0.091120184,0.15255203,0.141664589,0.091120184
0.55008821,0.460734801,0.647844278,0.54588688,0.570453334
0.441551051,0.386767504,0.472578571,0.453429065,0.386767504
0.160514045,0.092015943,0.192284933,0.178877651,0.092015943
0.674831467,0.633859635,0.751181187,0.657142522,0.656253947
0.214515726,0.16491066,0.245293807,0.223929219,0.16491066
0.147972155,0.088258246,0.168175365,0.167727504,0.088258246
0.607248437,0.481841821,0.743605791,0.601773069,0.669372006
0.453084169,0.395693319,0.483938924,0.466352216,0.395693319
0.157306326,0.10826502,0.177688481,0.171635901,0.10826502
0.838504069,0.718131736,0.954169072,0.840857734,0.892120276
0.157295175,0.111245989,0.179905168,0.169014772,0.111245989
0.23575005,0.129068772,0.323000628,0.245465401,0.129068772
0.737473554,0.634426705,0.822298946,0.746584282,0.634426705
0.150014702,0.112951787,0.170534695,0.158286164,0.112951787
0.132735053,0.088467028,0.148408164,0.147032509,0.088467028
0.869222455,0.779254163,0.925552316,0.88604167,0.875297794
0.142635877,0.099711977,0.159318128,0.155756701,0.099711977
0.173894352,0.120576229,0.192873912,0.191063634,0.120576229
0.865376526,0.842222072,0.896351347,0.861466342,0.842222072
0.160251309,0.098354114,0.187925115,0.177363004,0.098354114
0.155890513,0.105408013,0.175489632,0.171332204,0.105408013
0.442092058,0.315727935,0.551884251,0.450378024,0.350252648
0.578475156,0.531065973,0.601683486,0.590575581,0.531065973
0.150076736,0.096311335,0.175639544,0.164178032,0.096311335
0.13289628,0.111027039,0.150775616,0.134891232,0.111027039
0.342749038,0.26402981,0.419415697,0.343775324,0.392469977
0.545271026,0.511855516,0.559700685,0.554763951,0.511855516
0.152598798,0.113818914,0.170378615,0.163098832,0.113818914
0.138641362,0.117320188,0.14803451,0.144605374,0.117320188
0.720435838,0.625354838,0.802114068,0.727137222,0.652198888
0.152404096,0.110859774,0.171050684,0.163852962,0.110859774
0.163275851,0.138540694,0.176921901,0.168820405,0.138540694
0.13400378,0.111498951,0.147850321,0.138332925,0.111498951
0.588176636,0.56200165,0.640806953,0.574948972,0.580701905
0.166932545,0.109343941,0.198046194,0.180170022,0.109343941
0.150711884,0.085495209,0.175114825,0.171118751,0.085495209
0.156108307,0.10521722,0.175018022,0.172098992,0.10521722
0.54019092,0.467444049,0.605842452,0.543738591,0.549472702
0.44123863,0.396788249,0.457548087,0.455309091,0.396788249
0.157085171,0.113284429,0.180164373,0.167445942,0.113284429
0.623458755,0.37831718,0.814309119,0.65060436,0.37831718
0.188061463,0.12679179,0.216343941,0.204555061,0.12679179
0.154910752,0.099657597,0.180810065,0.169587673,0.099657597
0.148196217,0.103016359,0.164455278,0.162656616,0.103016359
0.509489684,0.474911377,0.53746123,0.512793064,0.474911377
0.158654036,0.135827608,0.174647986,0.162070275,0.135827608
0.820862475,0.756164886,0.849536304,0.838874355,0.756164886
0.154325138,0.085439789,0.178077266,0.176891748,0.085439789
0.159932453,0.106099709,0.182926461,0.175351822,0.106099709
0.720867273,0.638720245,0.815470505,0.714639171,0.756928723
0.186846907,0.12374319,0.216111477,0.20376648,0.12374319
0.159144548,0.106021509,0.185617505,0.172469589,0.106021509
0.155659621,0.127181633,0.171027285,0.162214783,0.127181633
0.734862726,0.625080426,0.863279969,0.725545254,0.804977021
0.171573083,0.096242244,0.207937567,0.191056261,0.096242244
0.154293406,0.103481423,0.176225772,0.168733214,0.103481423
0.150775264,0.119997385,0.162330589,0.160386542,0.119997385
0.803912734,0.668518659,0.937500631,0.804815823,0.885229047
0.175230079,0.113398871,0.201547386,0.19298703,0.113398871
0.371763161,0.277351092,0.456310602,0.376695474,0.277351092
0.865585083,0.802643429,0.90722614,0.876235382,0.877281092
0.794228039,0.654841434,0.881675717,0.820197503,0.654841434
0.580696715,0.553682881,0.614946535,0.577078721,0.553682881
0.469000636,0.320278787,0.555427492,0.500148132,0.320278787
0.757750873,0.652524752,0.865276559,0.756601091,0.824811342
0.34339499,0.199241003,0.483560516,0.345389221,0.199241003
0.511685273,0.399535825,0.626843868,0.510180699,0.594818711
0.65641844,0.592092205,0.68765048,0.672965537,0.592092205
0.49738993,0.380965567,0.576671271,0.515961441,0.380965567
0.711983517,0.560972348,0.828228803,0.729366459,0.767936161
0.652770988,0.620266407,0.673450014,0.658683766,0.620266407
0.653469105,0.600496776,0.682203663,0.66558799,0.600496776
0.771720509,0.614798645,0.90810023,0.781991582,0.614798645
0.963856054,0.812985608,1.084695122,0.978871744,0.812985608
0.727468021,0.585971959,0.855552663,0.734173731,0.796805261
0.173959288,0.104465433,0.204106929,0.193632394,0.104465433
0.801077477,0.741589942,0.875997839,0.793361064,0.8018888
0.452117054,0.429111803,0.491679366,0.443838524,0.429111803
0.145401882,0.081954625,0.171604445,0.164024229,0.081954625
0.800536155,0.721997785,0.843724806,0.818211014,0.721997785
0.164735324,0.094715607,0.192889242,0.185668223,0.094715607
0.156013459,0.106642055,0.179421629,0.168995075,0.106642055
0.149710053,0.13593953,0.156858665,0.15302101,0.13593953
0.556890706,0.493962512,0.595816502,0.568891904,0.493962512
0.367879703,0.304272421,0.394193889,0.386526252,0.304272421
0.149389812,0.096421656,0.179180013,0.160978789,0.096421656
0.169246162,0.133801448,0.194076678,0.17455326,0.133801448
0.880839269,0.815637058,0.98965687,0.859031575,0.897520899
0.166480299,0.093936591,0.194944528,0.188520039,0.093936591
0.700786251,0.564841764,0.835318416,0.701492412,0.56794788
0.307931654,0.279136179,0.319598421,0.316496009,0.279136179
0.131863845,0.117646931,0.137853756,0.135977347,0.117646931
0.156032011,0.123853613,0.184398029,0.157938202,0.123853613
0.841419184,0.797123055,0.8773672,0.84559324,0.797123055
0.150210039,0.108929395,0.168949646,0.161480558,0.108929395
0.493976544,0.42467557,0.534873797,0.508178405,0.42467557
0.662120298,0.484580651,0.803836721,0.680031909,0.484580651
0.675089374,0.63508389,0.72624257,0.669515518,0.666088112
0.859482519,0.542911669,1.137317306,0.87885055,0.542911669
0.726566769,0.687118466,0.745142829,0.737002891,0.687118466
0.967731338,0.831271141,1.107276319,0.966188946,1.005245593
0.287220212,0.216356058,0.320403644,0.306060573,0.216356058
0.631719382,0.437896858,0.814246367,0.637367152,0.437896858
0.376640176,0.365287476,0.399712226,0.370780502,0.374244111
0.13149651,0.067343163,0.159310051,0.149666414,0.067343163
0.629597028,0.526615588,0.752389934,0.619691295,0.693972933
0.345836169,0.292517428,0.382796944,0.354015152,0.292517428
0.14227937,0.089232846,0.160986158,0.159449239,0.089232846
0.540379501,0.312267911,0.698275267,0.575487414,0.312267911
0.523651615,0.48233388,0.541808114,0.535232233,0.48233388
0.173499977,0.129153874,0.208322194,0.178261921,0.129153874
0.847716248,0.744973685,0.955481132,0.845205087,0.886934336
0.144685527,0.086546039,0.17292759,0.15963424,0.086546039
0.326247901,0.241612874,0.443090148,0.310144291,0.351571781
0.694922507,0.6535146,0.750636008,0.68776971,0.703336434
0.151703104,0.10399524,0.172637935,0.165089621,0.10399524
0.340388437,0.208450806,0.49413131,0.329485816,0.427019523
0.560887585,0.486096936,0.591132812,0.583160296,0.486096936
0.174076181,0.1122712,0.202604679,0.190714421,0.1122712
0.152119227,0.126075383,0.166532355,0.157934585,0.126075383
0.91538051,0.723947604,1.073785977,0.931894229,0.723947604
0.165381265,0.127805521,0.192138962,0.170790289,0.127805521
0.447890799,0.40452215,0.514377698,0.436331674,0.4679543
0.626096733,0.546005127,0.664908437,0.646736684,0.546005127
0.143345727,0.103719006,0.164340615,0.152661644,0.103719006
0.481613894,0.367276233,0.56388154,0.497648901,0.432964541
0.733626931,0.586987606,0.847508793,0.750005662,0.586987606
0.65007032,0.595999023,0.689858947,0.657211655,0.595999023
0.609170854,0.371401174,0.802392038,0.631445103,0.371401174
0.819446021,0.670374433,0.925153669,0.84112799,0.866322895
0.490015878,0.428008853,0.516231734,0.507911463,0.428008853
0.879802163,0.813607752,0.968080645,0.868760127,0.886114456
0.508718745,0.449687743,0.530232537,0.527477349,0.449687743
0.734526209,0.604509492,0.838455658,0.747569843,0.659283486
0.713360938,0.60417471,0.845976122,0.701646461,0.795185384
0.567762909,0.481488642,0.620525936,0.584518529,0.481488642
0.920521701,0.683345932,1.143770185,0.927485344,1.118038778
0.20452816,0.152714803,0.2368217,0.214288068,0.152714803
0.892652864,0.865168619,0.948327613,0.878557611,0.890930055
0.380698352,0.327821221,0.419899993,0.387536097,0.327821221
0.695232767,0.537184791,0.79908514,0.722330568,0.537184791
0.444587815,0.414968896,0.479268054,0.442057154,0.414968896
0.984920853,0.888710452,1.040041284,1.005465838,0.888710452
0.307558671,0.260349245,0.325379413,0.322253012,0.260349245
0.707116781,0.61750526,0.789763425,0.71059922,0.61750526
0.153222614,0.085008014,0.176308124,0.175787159,0.085008014
0.362858582,0.22252826,0.521394825,0.353755621,0.460300235
0.573137926,0.526613929,0.593227749,0.586355013,0.526613929
0.154086046,0.10610685,0.175964709,0.167136311,0.10610685
0.161724727,0.112417851,0.197753116,0.168363971,0.112417851
0.68266617,0.630679199,0.717676396,0.691154543,0.630679199
0.185684901,0.123774121,0.214302014,0.202331733,0.123774121
0.153950189,0.116330858,0.180159143,0.159655378,0.116330858
0.142085509,0.115939774,0.156086423,0.148157921,0.115939774
0.772688546,0.696005661,0.847315506,0.773716508,0.700381055
0.167405301,0.131273663,0.192165622,0.173090959,0.131273663
0.144676585,0.086312867,0.177454388,0.157469543,0.086312867
0.142957859,0.105296941,0.160595076,0.15296971,0.105296941
0.639573597,0.585748608,0.715208064,0.628668859,0.654443059
0.169371039,0.105888958,0.197271638,0.18716178,0.105888958
0.152189637,0.088866212,0.176336603,0.171777867,0.088866212
0.150766372,0.103625385,0.173946981,0.162746562,0.103625385
0.543829935,0.426514201,0.663785547,0.542509995,0.605588326
0.232490167,0.173514164,0.265210263,0.245618121,0.173514164
0.139328542,0.071334142,0.164270327,0.16085485,0.071334142
0.166443636,0.110879375,0.187645874,0.183624646,0.110879375
0.761584762,0.720044816,0.781260796,0.772516718,0.720044816
0.1613007,0.096087772,0.187096546,0.181009241,0.096087772
0.141007758,0.094624438,0.1578129,0.155796846,0.094624438
0.828106847,0.801755048,0.874414162,0.818129089,0.813932027
0.15936015,0.087233687,0.196363597,0.176921657,0.087233687
0.143119226,0.117128447,0.156193829,0.149577314,0.117128447
0.727978495,0.696970722,0.775592115,0.719675571,0.71533759
0.180187742,0.121414627,0.211652858,0.193841742,0.121414627
0.143609893,0.117685943,0.156516383,0.150118622,0.117685943
0.422827506,0.345959025,0.480722682,0.432314159,0.384137767
0.677005477,0.590329178,0.720213797,0.698739467,0.590329178
0.139439951,0.102520425,0.160697042,0.147271169,0.102520425
0.162604835,0.13300308,0.183287443,0.167064409,0.13300308
0.739026166,0.689512583,0.827785667,0.719403208,0.730304316
0.306093731,0.246298329,0.330739947,0.323668323,0.246298329
0.136538408,0.060552857,0.171667442,0.156966666,0.060552857
0.519547218,0.424945208,0.611848123,0.52069777,0.430340015
0.640571851,0.595506098,0.656403869,0.655188718,0.595506098
0.225680772,0.188917703,0.264236656,0.224784364,0.188917703
0.787153059,0.615697324,0.919214635,0.806850138,0.615697324
0.258205535,0.233722427,0.279009747,0.260044983,0.233722427
0.80021682,0.699213153,0.8740891,0.813782513,0.753670422
0.361306338,0.316947884,0.377041262,0.375618104,0.316947884
0.827065341,0.652974769,0.945532379,0.854877108,0.916160578
0.331737967,0.285925494,0.34851912,0.346253627,0.285925494
0.128174636,0.084890614,0.143374369,0.14221678,0.084890614
0.580993117,0.548672384,0.626774106,0.574262988,0.548672384
0.500913606,0.442799856,0.532331658,0.514261455,0.442799856
0.153619642,0.12984884,0.168324928,0.1581524,0.12984884
0.525657861,0.476923927,0.572308021,0.526699747,0.476923927
0.398938151,0.34206139,0.418517445,0.417586885,0.34206139
0.165648336,0.113432741,0.191426431,0.178867086,0.113432741
0.138908068,0.089084185,0.161000772,0.152773658,0.089084185
0.794414728,0.76069993,0.87200089,0.772479045,0.782499142
0.166840894,0.107830607,0.192106161,0.183713404,0.107830607
0.141996588,0.07730696,0.167446997,0.161616198,0.07730696
0.860214133,0.73690571,1.006796235,0.848577293,0.916482202
0.178916805,0.11021901,0.210427072,0.197510568,0.11021901
0.348595464,0.273313732,0.420777833,0.350145145,0.273313732
0.866908326,0.779228119,0.982503696,0.852950744,0.925846333
0.170697667,0.131372205,0.18818773,0.181615366,0.131372205
0.744141434,0.619707495,0.905116459,0.725870892,0.819767014
0.338542883,0.274749086,0.365381535,0.357020455,0.274749086
0.584527598,0.232822029,0.842624176,0.631332093,0.232822029
0.457098267,0.394175084,0.489667993,0.472274996,0.394175084
0.164147807,0.097696328,0.188805528,0.185044685,0.097696328
1.003564556,0.931948081,1.100984458,0.990662842,1.040339025
0.17597809,0.12981251,0.206225282,0.183937284,0.12981251
0.15384708,0.101553796,0.191240149,0.161297188,0.101553796
0.8059633,0.708426303,0.872271633,0.821577632,0.708426303
0.157281158,0.125184664,0.180863286,0.161538341,0.125184664
0.144026674,0.099670376,0.167897651,0.154269335,0.099670376
0.406976587,0.340855437,0.447314446,0.419868232,0.340855437
0.521237638,0.484382788,0.541143143,0.529712311,0.484382788
0.143554339,0.10931077,0.168793154,0.148056716,0.10931077
0.143838989,0.099642257,0.161454638,0.157129531,0.099642257
0.532823703,0.470591245,0.62149994,0.519601813,0.563603578
0.177557589,0.112504502,0.206264049,0.195730903,0.112504502
0.150714664,0.08663349,0.177980391,0.169122387,0.08663349
0.148441076,0.125451496,0.159703713,0.154304548,0.125451496
0.653630506,0.614662156,0.695878089,0.651990889,0.635494346
0.208825837,0.15568669,0.238125508,0.220745575,0.15568669
0.164561651,0.103669846,0.193313079,0.18063184,0.103669846
0.622916382,0.534885599,0.70829967,0.624240128,0.684416171
0.36704632,0.298114002,0.406101191,0.381985044,0.298114002
0.150037003,0.128074522,0.16616866,0.152952415,0.128074522
0.727160879,0.695831927,0.794774362,0.709018613,0.721383199
0.167988936,0.104572115,0.194469262,0.186457183,0.104572115
0.159692329,0.128933701,0.175751876,0.167041871,0.128933701
0.607760849,0.474222241,0.711608005,0.622606576,0.474222241
0.343364057,0.309501343,0.369155419,0.347399732,0.309501343
0.145319224,0.096390647,0.168769924,0.158058163,0.096390647
0.3279724,0.244840445,0.392780736,0.33713421,0.244840445
0.699083933,0.563185445,0.806434199,0.713358044,0.563185445
0.171521442,0.111635553,0.194195707,0.190127254,0.111635553
0.171043748,0.133253491,0.193037454,0.178942024,0.133253491
0.809994195,0.677527833,0.903527321,0.829460813,0.677527833
0.151490306,0.129376096,0.162864265,0.15686043,0.129376096
0.148232576,0.116619741,0.160903613,0.157703475,0.116619741
0.141314796,0.103676845,0.157669357,0.151956491,0.103676845
0.358520062,0.191809791,0.485975216,0.378147621,0.191809791
0.631817003,0.593316217,0.654168642,0.639891576,0.593316217
0.153632522,0.127501297,0.169516744,0.158756023,0.127501297
0.131461686,0.112661143,0.14160216,0.135791721,0.112661143
0.490238621,0.374817859,0.586125071,0.500005776,0.546173499
0.281647509,0.226034643,0.313925728,0.293314833,0.226034643
0.149506978,0.13002233,0.160511754,0.153746914,0.13002233
0.143236352,0.102585225,0.16233884,0.154010671,0.102585225
0.725350957,0.648861759,0.797985104,0.727278484,0.657460869
0.134638259,0.095336255,0.154050462,0.14458316,0.095336255
0.161171103,0.137856957,0.176201791,0.165312833,0.137856957
0.131944395,0.084357818,0.151283101,0.14606833,0.084357818
0.680968946,0.589444645,0.736505805,0.698962668,0.669123753
0.164895707,0.103567545,0.193350507,0.181332389,0.103567545
0.156019487,0.115278759,0.178065365,0.165366913,0.115278759
0.136518153,0.09275217,0.151426296,0.150947074,0.09275217
0.615467909,0.54728691,0.711989951,0.601297387,0.654606792
0.165833242,0.108543603,0.193887481,0.180450942,0.108543603
0.14848681,0.12766881,0.166620795,0.149828817,0.12766881
0.130565815,0.100108641,0.149855485,0.136149567,0.100108641
0.576496692,0.553226597,0.625948517,0.563405826,0.568466195
0.422844707,0.36686837,0.455165219,0.43467262,0.36686837
0.177950873,0.106036919,0.205195072,0.200285751,0.106036919
0.717651607,0.652169908,0.77128237,0.723577074,0.652169908
0.499581057,0.46380871,0.534224817,0.50014535,0.46380871
0.720373631,0.615251159,0.777615276,0.744314044,0.615251159
0.539711045,0.49476263,0.559236226,0.552422661,0.49476263
0.718445716,0.498058963,0.857230858,0.759246521,0.498058963
0.560502189,0.524444358,0.581356848,0.568103776,0.524444358
0.569376547,0.493971403,0.61648088,0.583526952,0.493971403
0.78264632,0.652327913,0.927821053,0.775218158,0.875662225
0.69442967,0.363452697,0.956496421,0.728884782,0.363452697
0.364412311,0.23812932,0.477157351,0.371181287,0.23812932
0.626177085,0.432146943,0.764404007,0.654078695,0.432146943
0.961209185,0.790024284,1.087919463,0.983446496,0.790024284
0.386170526,0.326338736,0.421757831,0.398292769,0.326338736
1.007445796,0.84833103,1.129825786,1.025813184,0.84833103
0.356743477,0.196542603,0.52414159,0.353144858,0.486751983
0.889914444,0.816756434,0.961294017,0.890803663,0.816756434
0.638083543,0.470655502,0.779105075,0.651286798,0.718657661
0.627288162,0.49986678,0.75054711,0.629369378,0.49986678
0.963718967,0.81936184,1.097235097,0.969139466,0.84206613
0.380886952,0.32369083,0.406913511,0.396471734,0.32369083
0.85865927,0.753835503,0.974079754,0.853360911,0.916607773
0.36805059,0.320216467,0.393322713,0.379331589,0.320216467
0.826647667,0.78640114,0.860788549,0.829700489,0.78640114
0.542228142,0.431139932,0.625981531,0.555895552,0.431139932
0.834098004,0.7708808,0.856274834,0.854618191,0.7708808
0.484684814,0.346465811,0.589996356,0.501138544,0.346465811
0.805541785,0.737206667,0.89777986,0.793590306,0.835684778
0.789718523,0.60281294,0.945602286,0.805229433,0.60281294
0.806301183,0.614952747,0.98436238,0.812944803,0.614952747
0.898566362,0.691586565,1.125092996,0.888792943,1.067097454
0.617166904,0.558081634,0.70567803,0.602453976,0.616931276
0.982048366,0.847559343,1.107609529,0.986512296,0.865604569
0.161524189,0.119319767,0.184533268,0.17112186,0.119319767
0.210293705,0.18460159,0.241952289,0.207310471,0.18460159
0.701957279,0.657196686,0.738085953,0.706273238,0.657196686
0.286959697,0.271868748,0.295966479,0.290001781,0.271868748
0.12518079,0.08448869,0.142478768,0.136877852,0.08448869
0.955344754,0.83492204,1.064054589,0.961201193,0.83492204
0.130552011,0.085968463,0.150753618,0.142742981,0.085968463
0.13263829,0.114155438,0.154171942,0.131112889,0.114155438
0.730172243,0.686052986,0.74613983,0.744248077,0.686052986
0.257318906,0.197235763,0.299655969,0.266191946,0.197235763
0.135422214,0.068446375,0.16092756,0.15615746,0.068446375
0.148071589,0.094277525,0.175116728,0.161446051,0.094277525
0.678123948,0.630067754,0.718100072,0.682163984,0.656754273
0.172528471,0.115049137,0.20456818,0.185248284,0.115049137
0.16093613,0.13813713,0.17684234,0.164382525,0.13813713
0.127473198,0.084662851,0.142573478,0.141328231,0.084662851
0.63860042,0.537697365,0.759195884,0.628754215,0.70389142
0.227019758,0.17730068,0.255034897,0.237871728,0.17730068
0.138473385,0.120400379,0.146590392,0.143451386,0.120400379
0.130798892,0.097511996,0.15407452,0.135804527,0.097511996
0.483052395,0.331413636,0.591087155,0.504854394,0.331413636
0.419151974,0.38029091,0.44085766,0.427729662,0.38029091
0.140112172,0.11017472,0.155957959,0.147158004,0.11017472
0.522952374,0.482683659,0.564044152,0.522540842,0.506630315
0.615431634,0.565279104,0.646983991,0.62473172,0.565279104
0.344754851,0.237040434,0.471668495,0.335155237,0.41333188
0.791841053,0.577694961,0.992843264,0.798412993,0.91836278
0.721083106,0.672857598,0.751456922,0.730008952,0.672857598
0.88022182,0.756373096,0.998558278,0.882977952,0.928551709
0.600195407,0.395887951,0.760979684,0.621956997,0.395887951
0.954037149,0.916090947,0.976117439,0.961970104,0.916090947
0.130647081,0.091093443,0.149273356,0.141110762,0.091093443
0.147527443,0.128535367,0.155856768,0.152858819,0.128535367
0.491587504,0.424281789,0.577959511,0.482054358,0.536635347
0.322094957,0.283144018,0.343557647,0.330839081,0.283144018
0.133318354,0.088592628,0.155285615,0.144697586,0.088592628
0.144223074,0.086596461,0.163484454,0.16340569,0.086596461
0.423343089,0.392909682,0.450304214,0.425079229,0.392909682
0.657108721,0.596418347,0.68459045,0.673713043,0.596418347
0.140891167,0.109636743,0.156685914,0.148621006,0.109636743
0.171272503,0.131233463,0.186702791,0.183576878,0.131233463
0.729175037,0.576619257,0.885548286,0.727266302,0.839408655
0.155950593,0.096616007,0.183605871,0.171790246,0.096616007
0.153799182,0.127487977,0.170389864,0.158659444,0.127487977
0.157947099,0.140833157,0.172196208,0.159379516,0.140833157
0.643874843,0.595139706,0.669398528,0.655480569,0.595139706
0.292501968,0.271303092,0.30050742,0.29909868,0.271303092
0.129141008,0.109436472,0.137353919,0.134886821,0.109436472
0.132320349,0.112926705,0.148516287,0.133919202,0.112926705
0.890870191,0.843616606,0.913168202,0.903347978,0.843616606
0.152565975,0.127553997,0.166682539,0.158013682,0.127553997
0.313238762,0.205011947,0.439061595,0.304440753,0.384852394
0.722258286,0.569648618,0.819053604,0.750165461,0.569648618
0.133078035,0.112018077,0.148446166,0.135923949,0.112018077
0.739516449,0.658393476,0.824056667,0.737807827,0.766538308
0.43080382,0.381662453,0.451262423,0.445145202,0.381662453
0.139917352,0.109365101,0.157452356,0.146425975,0.109365101
0.530236672,0.48276843,0.570089486,0.534044386,0.498209132
0.709187473,0.558241917,0.832285606,0.723111185,0.558241917
0.694574174,0.664407785,0.752598706,0.680645103,0.696539967
0.712388183,0.581895285,0.818505565,0.724575942,0.581895285
0.671372723,0.657659358,0.707476475,0.660177529,0.659027884
0.62477701,0.421300548,0.793137025,0.642335233,0.421300548
0.559586022,0.525300298,0.580811797,0.566115996,0.525300298
0.145916847,0.121588961,0.156220095,0.152929166,0.121588961
0.559318505,0.520039818,0.598297754,0.559468224,0.5299056
0.451903219,0.347949696,0.527920386,0.465871398,0.347949696
0.130182094,0.08654137,0.148048501,0.143069252,0.08654137
0.573306636,0.503899839,0.602668532,0.593329086,0.503899839
0.468848914,0.322984674,0.58794402,0.48223348,0.322984674
0.130793648,0.110690474,0.148485675,0.131999221,0.110690474
0.970553996,0.868327155,1.057430413,0.978229207,0.868327155
0.148523758,0.127344726,0.162974547,0.151887879,0.127344726
0.126006574,0.085958365,0.142431096,0.137818418,0.085958365
0.718511783,0.678320901,0.767146259,0.714289985,0.678320901
0.171854947,0.13914254,0.188308992,0.179984128,0.13914254
0.145792902,0.12871286,0.156552283,0.148953233,0.12871286
0.135049056,0.109050547,0.147576664,0.141784507,0.109050547
0.685198219,0.642900612,0.755431184,0.67123054,0.698011742
0.258898612,0.194969541,0.288525992,0.276049457,0.194969541
0.149542081,0.119909563,0.168301791,0.154978484,0.119909563
0.137637418,0.110412412,0.150434281,0.14485149,0.110412412
0.987766681,0.802743047,1.195119796,0.976601941,1.138162012
0.69358583,0.578005156,0.832824064,0.681757051,0.749012207
0.926897905,0.730026143,1.082504336,0.947530571,0.730026143
0.382053155,0.367038621,0.425215832,0.367979083,0.367038621
0.809365434,0.656333046,0.917473659,0.831827515,0.656333046
0.355776148,0.301920679,0.404308703,0.358437604,0.301920679
1.098893386,0.969497376,1.187635238,1.119220465,0.969497376
0.17083958,0.148706453,0.196205028,0.16922342,0.148706453
0.881258791,0.696697414,1.046322947,0.891007402,0.73596636
0.330739246,0.282523402,0.369686758,0.335373411,0.282523402
0.930844968,0.817234819,1.000090114,0.953027469,0.817234819
0.232217794,0.203134031,0.250608262,0.237564441,0.203134031
0.342586687,0.191372834,0.510968021,0.334002947,0.465527067
0.635967015,0.530320055,0.709950533,0.651798735,0.530320055
0.141887276,0.122095465,0.149888926,0.147782357,0.122095465
0.27421818,0.189768521,0.381566441,0.262768879,0.32153324
0.726343686,0.652866354,0.756113463,0.748197464,0.652866354
0.150910218,0.133860721,0.166334663,0.151722744,0.138398252
0.129783375,0.111018987,0.148941703,0.129586405,0.111018987
0.843303103,0.800229751,0.8787475,0.84711758,0.819098107
0.152992399,0.085824083,0.183853936,0.171145789,0.085824083
0.132184455,0.096923159,0.150502182,0.14065624,0.096923159
0.126560738,0.096284554,0.14572424,0.132117079,0.096284554
0.75657143,0.700734826,0.818635897,0.753457499,0.729532167
0.160437064,0.104809497,0.184399349,0.176269704,0.104809497
0.135524113,0.121912882,0.14802531,0.136079129,0.121912882
0.467276058,0.428587228,0.486654503,0.47693125,0.428587228
0.503069297,0.436166781,0.526353302,0.524878552,0.436166781
0.140274873,0.116423579,0.159134706,0.142770603,0.116423579
0.259266235,0.201418438,0.336418977,0.249613763,0.288788393
0.815889745,0.772632078,0.881689967,0.804618468,0.836173934
0.135285787,0.111083388,0.149017574,0.140521093,0.111083388
0.816842981,0.742947149,0.876824354,0.82380021,0.817627862
0.240347858,0.188376688,0.268254453,0.252380146,0.188376688
0.142856489,0.119050374,0.15711599,0.147629796,0.119050374
0.681173701,0.528769758,0.788682253,0.703621396,0.737397065
0.339897117,0.301561805,0.363705581,0.347160541,0.301561805
0.135099343,0.086352848,0.151840133,0.151102196,0.086352848
0.301822681,0.205911796,0.355102169,0.323138379,0.293844411
0.575882198,0.535421654,0.591907699,0.58809972,0.535421654
0.155410538,0.138197,0.166384813,0.158530169,0.138197
0.140302007,0.108828395,0.157777848,0.147300892,0.108828395
0.536259831,0.314634985,0.734502562,0.547950888,0.687117378
0.404123128,0.348028767,0.434335094,0.417064326,0.348028767
0.145047739,0.128028142,0.151388134,0.150387339,0.128028142
0.498553444,0.325073684,0.6202578,0.524441145,0.325073684
0.604146399,0.503816176,0.715854189,0.598457616,0.678740346
0.660842488,0.494212405,0.780078172,0.684539687,0.494212405
0.818905008,0.782211098,0.884932004,0.804238466,0.797986942
0.638469089,0.479442562,0.758996674,0.657718561,0.479442562
0.709999315,0.612509555,0.825137903,0.701174901,0.767305105
0.770515252,0.481921766,1.024664812,0.787737214,0.481921766
0.71869935,0.496537978,0.914241475,0.732008973,0.496537978
1.056280951,0.883100798,1.202108518,1.069957243,0.938025231
0.851213169,0.698751649,1.005148165,0.850476431,0.950936967
0.394577794,0.271961978,0.491652248,0.407348475,0.271961978
0.829138242,0.73470108,0.885150092,0.848350899,0.829107344
0.140688913,0.077742434,0.164267685,0.160372767,0.077742434
0.481671666,0.375072489,0.550928139,0.500343017,0.375072489
0.579153552,0.544541663,0.601687928,0.585192308,0.544541663
0.140867449,0.076808285,0.163396054,0.161632729,0.076808285
0.148116951,0.095217544,0.173124286,0.162062986,0.095217544
0.160252963,0.105390562,0.181390171,0.177115559,0.105390562
0.720571048,0.583767195,0.827535539,0.735490729,0.583767195
0.174997518,0.131002792,0.200921719,0.184032781,0.131002792
0.144266122,0.096215154,0.165983616,0.157432859,0.096215154
0.144498261,0.116995504,0.15564023,0.152678655,0.116995504
0.752417179,0.667647068,0.801887734,0.770066956,0.667647068
0.150522163,0.113078427,0.171052143,0.15897904,0.113078427
0.150154671,0.104860986,0.168164689,0.163796504,0.104860986
0.146316476,0.117235468,0.16016183,0.153934303,0.117235468
0.58069866,0.456263546,0.68680678,0.589862158,0.62555935
0.169304839,0.112823035,0.193326657,0.185534832,0.112823035
0.160341512,0.095608036,0.187287143,0.179235434,0.095608036
0.128236079,0.091498616,0.141669358,0.139888171,0.091498616
0.48623743,0.434771799,0.53082969,0.489674116,0.485829784
0.316454788,0.263125812,0.352431433,0.325130953,0.263125812
0.156545775,0.103816739,0.177192696,0.172586833,0.103816739
0.177585745,0.127054832,0.210133229,0.18657746,0.127054832
0.716589515,0.654771079,0.803889713,0.703848633,0.746933576
0.193161629,0.133241653,0.227439247,0.205982808,0.133241653
0.152586854,0.127530787,0.164963412,0.158926608,0.127530787
0.73257029,0.646988737,0.803412876,0.739939774,0.646988737
0.180704563,0.143875615,0.204503058,0.18721979,0.143875615
0.160123216,0.10516406,0.188523405,0.173402699,0.10516406
0.129412588,0.108537354,0.141001488,0.134055755,0.108537354
0.768011523,0.706181439,0.870344758,0.747759948,0.785915995
0.165057063,0.097425255,0.194916003,0.183943497,0.097425255
0.139340618,0.077750123,0.162715304,0.158448523,0.077750123
0.130992126,0.0712196,0.160120831,0.146314036,0.0712196
0.742022156,0.71916881,0.775729969,0.736594923,0.743710865
0.148178596,0.084357899,0.176737546,0.165809469,0.084357899
0.157520631,0.112565162,0.175034752,0.171241305,0.112565162
0.467097241,0.363723089,0.532014154,0.486325862,0.363723089
0.503457828,0.438670126,0.540304225,0.517428481,0.438670126
0.128539889,0.065911358,0.15565591,0.146296143,0.065911358
0.795335163,0.675428823,0.869261798,0.818325017,0.675428823
0.378106801,0.310196999,0.406379076,0.397925565,0.310196999
0.821441411,0.763953232,0.847162343,0.837325034,0.763953232
0.268838383,0.206272602,0.295442267,0.286819331,0.206272602
0.136410913,0.095100753,0.154845718,0.147848592,0.095100753
0.587692218,0.493015373,0.679375747,0.589188875,0.493015373
0.311166141,0.275274352,0.330455023,0.319467594,0.275274352
0.14118868,0.075564452,0.165163969,0.162013149,0.075564452
0.210188863,0.180501882,0.239123661,0.210564955,0.180501882
0.64825392,0.58221037,0.68298403,0.66391064,0.58221037
0.159560003,0.137223783,0.172045176,0.164485527,0.137223783
0.136965732,0.092130754,0.152667491,0.151532341,0.092130754
0.848221716,0.809455603,0.899683586,0.841873838,0.809455603
0.179769547,0.111496742,0.211194469,0.198193488,0.111496742
0.149683823,0.107121709,0.167103831,0.162254876,0.107121709
0.631523493,0.466337185,0.756839176,0.651458805,0.466337185
0.205042978,0.151100786,0.225917353,0.221576887,0.151100786
0.143545917,0.105026158,0.162687354,0.153235078,0.105026158
0.15217451,0.126432886,0.166458204,0.157903475,0.126432886
0.623499948,0.505706167,0.721782692,0.633255467,0.505706167
0.15852011,0.111704004,0.181464919,0.170455759,0.111704004
0.167763789,0.110664114,0.195568596,0.182411223,0.110664114
0.139723646,0.090942772,0.161459967,0.153245923,0.090942772
0.527159816,0.46374808,0.582300493,0.531295346,0.46374808
0.203130762,0.168513295,0.225230629,0.209389562,0.168513295
0.146306504,0.105704565,0.16527339,0.157124031,0.105704565
0.153018505,0.126479327,0.168690064,0.158452314,0.126479327
0.696137826,0.615072449,0.786101629,0.691688613,0.725179306
0.178315301,0.113701932,0.20418034,0.197689466,0.113701932
0.152406149,0.11850791,0.170199733,0.160458477,0.11850791
0.154702373,0.12678727,0.166992922,0.162514649,0.12678727
0.562659931,0.544668884,0.601956942,0.55200695,0.544668884
0.299506472,0.25028347,0.326544024,0.310599197,0.25028347
0.146092561,0.108951067,0.166488303,0.154465437,0.108951067
0.354650565,0.217801244,0.446255732,0.377272641,0.217801244
0.779641303,0.761652885,0.808520764,0.774195783,0.780816246
0.15190129,0.110835446,0.172433963,0.162167876,0.110835446
0.925687655,0.772117405,1.022307001,0.954163107,0.938880548
0.158238705,0.094346537,0.186074409,0.176266938,0.094346537
0.151446786,0.109160139,0.167266624,0.164680191,0.109160139
0.695932551,0.666307515,0.736292896,0.690564896,0.666307515
0.217485765,0.181499971,0.240022232,0.224210429,0.181499971
0.149133025,0.13094633,0.157680948,0.153952411,0.13094633
0.142379733,0.112472952,0.15783875,0.149603615,0.112472952
0.535536457,0.473037866,0.612221052,0.528443454,0.57506784
0.18556241,0.124043034,0.215062134,0.201572237,0.124043034
0.142673394,0.075462862,0.170597688,0.162316513,0.075462862
0.147848782,0.105513494,0.167201279,0.159340176,0.105513494
0.663109953,0.584735074,0.715159414,0.676272662,0.584735074
0.1393074,0.105627325,0.161617059,0.144992608,0.105627325
0.141704878,0.105405422,0.155898605,0.152757743,0.105405422
0.142406873,0.116830584,0.156447521,0.148174694,0.116830584
0.547187007,0.508800268,0.613978899,0.53298443,0.555707562
0.212939531,0.143382671,0.246057022,0.231159217,0.143382671
0.147569428,0.126025222,0.155589601,0.154331444,0.126025222
0.131511081,0.099104412,0.147049377,0.139945267,0.099104412
0.650939121,0.596240865,0.704883738,0.651315941,0.596240865
0.430272783,0.373294392,0.462983755,0.442406493,0.373294392
0.150685505,0.105824275,0.16615595,0.165380897,0.105824275
0.630833688,0.597114376,0.66417758,0.631021399,0.60401367
0.482987513,0.438073741,0.500317244,0.496779533,0.438073741
0.145333367,0.085318197,0.167260294,0.164377489,0.085318197
0.911398823,0.735200212,1.02837241,0.941011334,0.735200212
0.130756292,0.07011561,0.1547306,0.14908948,0.07011561
0.664780964,0.526909877,0.801718498,0.66524774,0.743736226
0.245720827,0.191403897,0.269971988,0.260753711,0.191403897
